./lfw/Winona_Ryder/Winona_Ryder_0004.jpg,0
./lfw/Jason_Keep/Jason_Keep_0001.jpg,0
./lfw/Colin_Powell/Colin_Powell_0013.jpg,1
./lfw/Sam_Torrance/Sam_Torrance_0001.jpg,0
./lfw/Tonga/Tonga_0001.jpg,0
./lfw/Azra_Akin/Azra_Akin_0002.jpg,0
./lfw/Makiya_Ali_Hassan/Makiya_Ali_Hassan_0001.jpg,0
./lfw/King_Bhumibol_Adulyadej/King_Bhumibol_Adulyadej_0001.jpg,1
./lfw/Susan_Sarandon/Susan_Sarandon_0001.jpg,0
./lfw/Jennifer_Capriati/Jennifer_Capriati_0031.jpg,0
./lfw/Andre_Agassi/Andre_Agassi_0027.jpg,0
./lfw/Hamid_Karzai/Hamid_Karzai_0005.jpg,0
./lfw/Chen_Tsai-chin/Chen_Tsai-chin_0001.jpg,1
./lfw/Tommy_Franks/Tommy_Franks_0001.jpg,0
./lfw/Tony_Blair/Tony_Blair_0055.jpg,0
./lfw/Jennifer_Aniston/Jennifer_Aniston_0005.jpg,0
./lfw/Jennifer_Capriati/Jennifer_Capriati_0001.jpg,0
./lfw/Vince_Gill/Vince_Gill_0002.jpg,0
./lfw/Paul_Clark/Paul_Clark_0001.jpg,1
./lfw/Denis_Fassou-Nguesso/Denis_Fassou-Nguesso_0001.jpg,0
./lfw/Terry_Semel/Terry_Semel_0001.jpg,1
./lfw/Colin_Powell/Colin_Powell_0006.jpg,1
./lfw/Jesse_Harris/Jesse_Harris_0002.jpg,1
./lfw/Peter_Mugyeni/Peter_Mugyeni_0001.jpg,1
./lfw/Cynthia_Nixon/Cynthia_Nixon_0001.jpg,0
./lfw/George_Robertson/George_Robertson_0007.jpg,0
./lfw/Luiz_Inacio_Lula_da_Silva/Luiz_Inacio_Lula_da_Silva_0047.jpg,0
./lfw/Wayne_Ferreira/Wayne_Ferreira_0004.jpg,0
./lfw/David_Beckham/David_Beckham_0005.jpg,0
./lfw/Ricardo_Lagos/Ricardo_Lagos_0009.jpg,0
./lfw/Kieran_Culkin/Kieran_Culkin_0001.jpg,0
./lfw/Kenneth_Cooper/Kenneth_Cooper_0001.jpg,0
./lfw/Masamori_Tokuyama/Masamori_Tokuyama_0001.jpg,0
./lfw/Marina_Silva/Marina_Silva_0001.jpg,0
./lfw/Tony_Blair/Tony_Blair_0020.jpg,0
./lfw/Ray_Romano/Ray_Romano_0006.jpg,0
./lfw/Yukio_Hatoyama/Yukio_Hatoyama_0001.jpg,0
./lfw/Robert_Redford/Robert_Redford_0006.jpg,1
./lfw/Luiz_Inacio_Lula_da_Silva/Luiz_Inacio_Lula_da_Silva_0026.jpg,0
./lfw/Tang_Jiaxuan/Tang_Jiaxuan_0009.jpg,1
./lfw/Annette_Lu/Annette_Lu_0002.jpg,1
./lfw/Fernando_Vargas/Fernando_Vargas_0003.jpg,1
./lfw/William_Bulger/William_Bulger_0001.jpg,0
./lfw/Augusto_Pinochet/Augusto_Pinochet_0001.jpg,0
./lfw/George_Clooney/George_Clooney_0008.jpg,0
./lfw/Jerry_Regier/Jerry_Regier_0001.jpg,0
./lfw/Tom_Schnackenberg/Tom_Schnackenberg_0001.jpg,0
./lfw/Normand_Legault/Normand_Legault_0001.jpg,0
./lfw/Francisco_Flores/Francisco_Flores_0004.jpg,1
./lfw/Diane_Ladd/Diane_Ladd_0001.jpg,0
./lfw/Sanjay_Gupta/Sanjay_Gupta_0001.jpg,0
./lfw/Karen_Mok/Karen_Mok_0002.jpg,0
./lfw/Tom_Daschle/Tom_Daschle_0016.jpg,0
./lfw/Matt_Doherty/Matt_Doherty_0003.jpg,0
./lfw/Iain_Anderson/Iain_Anderson_0001.jpg,0
./lfw/Richie_Adubato/Richie_Adubato_0002.jpg,1
./lfw/Kara_Lynn_Joyce/Kara_Lynn_Joyce_0001.jpg,0
./lfw/Jeffrey_Scott_Postell/Jeffrey_Scott_Postell_0001.jpg,0
./lfw/Javier_Solana/Javier_Solana_0006.jpg,1
./lfw/Colin_Powell/Colin_Powell_0160.jpg,1
./lfw/Martin_McGuinness/Martin_McGuinness_0005.jpg,1
./lfw/Mick_Jagger/Mick_Jagger_0002.jpg,1
./lfw/Joseph_Galante/Joseph_Galante_0001.jpg,1
./lfw/Jackie_Chan/Jackie_Chan_0002.jpg,0
./lfw/Wolfgang_Schneiderhan/Wolfgang_Schneiderhan_0001.jpg,1
./lfw/Anatoliy_Kinakh/Anatoliy_Kinakh_0001.jpg,0
./lfw/Paul_Burrell/Paul_Burrell_0009.jpg,0
./lfw/Prince_Charles/Prince_Charles_0004.jpg,0
./lfw/John_Ashcroft/John_Ashcroft_0004.jpg,0
./lfw/Maribel_Dominguez/Maribel_Dominguez_0001.jpg,0
./lfw/Gene_Sauers/Gene_Sauers_0001.jpg,0
./lfw/Carl_Reiner/Carl_Reiner_0002.jpg,0
./lfw/Rudolph_Giuliani/Rudolph_Giuliani_0015.jpg,0
./lfw/Luiz_Inacio_Lula_da_Silva/Luiz_Inacio_Lula_da_Silva_0046.jpg,0
./lfw/Natasha_McElhone/Natasha_McElhone_0001.jpg,0
./lfw/Dennis_Powell/Dennis_Powell_0001.jpg,0
./lfw/Vladimiro_Montesinos/Vladimiro_Montesinos_0003.jpg,1
./lfw/Tony_Elias/Tony_Elias_0001.jpg,0
./lfw/Vladimir_Putin/Vladimir_Putin_0038.jpg,0
./lfw/Joschka_Fischer/Joschka_Fischer_0005.jpg,1
./lfw/Carmen_Electra/Carmen_Electra_0006.jpg,0
./lfw/Elva_Hsiao/Elva_Hsiao_0001.jpg,0
./lfw/Jose_Maria_Aznar/Jose_Maria_Aznar_0021.jpg,0
./lfw/Alejandro_Toledo/Alejandro_Toledo_0039.jpg,0
./lfw/George_W_Bush/George_W_Bush_0057.jpg,0
./lfw/Michael_Lechner/Michael_Lechner_0001.jpg,1
./lfw/Hugo_Chavez/Hugo_Chavez_0032.jpg,0
./lfw/Roh_Moo-hyun/Roh_Moo-hyun_0001.jpg,0
./lfw/Kristin_Scott_Thomas/Kristin_Scott_Thomas_0001.jpg,0
./lfw/Jay_Garner/Jay_Garner_0005.jpg,1
./lfw/Halle_Berry/Halle_Berry_0008.jpg,0
./lfw/Bill_Hughes/Bill_Hughes_0001.jpg,0
./lfw/Jorge_Valdano/Jorge_Valdano_0001.jpg,0
./lfw/Roman_Polanski/Roman_Polanski_0002.jpg,0
./lfw/Rita_Grande/Rita_Grande_0003.jpg,0
./lfw/William_Perry/William_Perry_0001.jpg,1
./lfw/Jack_Straw/Jack_Straw_0022.jpg,1
./lfw/Jose_Maria_Aznar/Jose_Maria_Aznar_0017.jpg,0
./lfw/Alejandro_Toledo/Alejandro_Toledo_0033.jpg,1
./lfw/Caroline_Dhavernas/Caroline_Dhavernas_0001.jpg,0
./lfw/Jason_Alexander/Jason_Alexander_0002.jpg,0
./lfw/Alejandro_Toledo/Alejandro_Toledo_0032.jpg,1
./lfw/George_W_Bush/George_W_Bush_0216.jpg,0
./lfw/Jean_Chretien/Jean_Chretien_0042.jpg,0
./lfw/Bob_Krueger/Bob_Krueger_0001.jpg,0
./lfw/Arturo_Gatti/Arturo_Gatti_0001.jpg,0
./lfw/Henrique_Meirelles/Henrique_Meirelles_0002.jpg,1
./lfw/George_Robertson/George_Robertson_0006.jpg,0
./lfw/Melvin_Talbert/Melvin_Talbert_0001.jpg,1
./lfw/Roberto_Tovar/Roberto_Tovar_0001.jpg,0
./lfw/Stephen_Funk/Stephen_Funk_0001.jpg,0
./lfw/Jimmy_Carter/Jimmy_Carter_0006.jpg,0
./lfw/Frank_Murkowski/Frank_Murkowski_0001.jpg,0
./lfw/David_Beckham/David_Beckham_0006.jpg,0
./lfw/Kwame_Kilpatrick/Kwame_Kilpatrick_0001.jpg,0
./lfw/Anthony_Scott_Miller/Anthony_Scott_Miller_0001.jpg,0
./lfw/Christine_Ebersole/Christine_Ebersole_0001.jpg,0
./lfw/Adel_Al-Jubeir/Adel_Al-Jubeir_0001.jpg,0
./lfw/Tim_Henman/Tim_Henman_0004.jpg,0
./lfw/Matthew_Broderick/Matthew_Broderick_0003.jpg,0
./lfw/Johnny_Carson/Johnny_Carson_0002.jpg,0
./lfw/Alvaro_Uribe/Alvaro_Uribe_0026.jpg,1
./lfw/Mike_Myers/Mike_Myers_0004.jpg,0
./lfw/Donald_Rumsfeld/Donald_Rumsfeld_0098.jpg,1
./lfw/Lleyton_Hewitt/Lleyton_Hewitt_0012.jpg,0
./lfw/Claudio_Lopez/Claudio_Lopez_0001.jpg,0
./lfw/Chen_Shui-bian/Chen_Shui-bian_0004.jpg,1
./lfw/Jennifer_Keller/Jennifer_Keller_0003.jpg,0
./lfw/Dick_Vermeil/Dick_Vermeil_0002.jpg,1
./lfw/David_Arquette/David_Arquette_0001.jpg,0
./lfw/Lee_Hyung-taik/Lee_Hyung-taik_0001.jpg,0
./lfw/Rubens_Barrichello/Rubens_Barrichello_0010.jpg,0
./lfw/Jim_Hahn/Jim_Hahn_0002.jpg,0
./lfw/James_Watt/James_Watt_0001.jpg,1
./lfw/GL_Peiris/GL_Peiris_0004.jpg,1
./lfw/George_Karl/George_Karl_0002.jpg,0
./lfw/George_W_Bush/George_W_Bush_0402.jpg,0
./lfw/George_W_Bush/George_W_Bush_0481.jpg,0
./lfw/Bertrand_Bonello/Bertrand_Bonello_0001.jpg,0
./lfw/Jen_Schefft/Jen_Schefft_0001.jpg,0
./lfw/Shane_Warne/Shane_Warne_0002.jpg,0
./lfw/Rudolph_Giuliani/Rudolph_Giuliani_0018.jpg,0
./lfw/Russell_Simmons/Russell_Simmons_0003.jpg,0
./lfw/Paul_Farley/Paul_Farley_0001.jpg,0
./lfw/Flavia_Pennetta/Flavia_Pennetta_0001.jpg,0
./lfw/Dick_Clark/Dick_Clark_0001.jpg,0
./lfw/Tom_Harkin/Tom_Harkin_0004.jpg,0
./lfw/Bob_Graham/Bob_Graham_0006.jpg,0
./lfw/Stuart_Knoll/Stuart_Knoll_0001.jpg,0
./lfw/Mahdi_Al_Bassam/Mahdi_Al_Bassam_0001.jpg,1
./lfw/Wen_Jiabao/Wen_Jiabao_0007.jpg,1
./lfw/Calista_Flockhart/Calista_Flockhart_0006.jpg,0
./lfw/Robert_De_Niro/Robert_De_Niro_0006.jpg,0
./lfw/Michael_Douglas/Michael_Douglas_0002.jpg,0
./lfw/Colin_Powell/Colin_Powell_0219.jpg,0
./lfw/Rubens_Barrichello/Rubens_Barrichello_0002.jpg,0
./lfw/Nikki_McKibbin/Nikki_McKibbin_0001.jpg,0
./lfw/Sandra_Banning/Sandra_Banning_0001.jpg,0
./lfw/Andre_Agassi/Andre_Agassi_0030.jpg,0
./lfw/Biljana_Plavsic/Biljana_Plavsic_0002.jpg,0
./lfw/Chyung_Dai-chul/Chyung_Dai-chul_0001.jpg,0
./lfw/Zulfiqar_Ahmed/Zulfiqar_Ahmed_0001.jpg,0
./lfw/Holly_Hunter/Holly_Hunter_0004.jpg,0
./lfw/Jimmy_Carter/Jimmy_Carter_0004.jpg,0
./lfw/Lennart_Johansson/Lennart_Johansson_0001.jpg,0
./lfw/Catherine_Zeta-Jones/Catherine_Zeta-Jones_0009.jpg,0
./lfw/George_Voinovich/George_Voinovich_0001.jpg,0
./lfw/Megawati_Sukarnoputri/Megawati_Sukarnoputri_0033.jpg,1
./lfw/Heidi_Fleiss/Heidi_Fleiss_0002.jpg,1
./lfw/Billy_Gilman/Billy_Gilman_0001.jpg,0
./lfw/Akbar_Al_Baker/Akbar_Al_Baker_0001.jpg,0
./lfw/Li_Zhaoxing/Li_Zhaoxing_0005.jpg,0
./lfw/Portia_de_Rossi/Portia_de_Rossi_0001.jpg,0
./lfw/Roh_Moo-hyun/Roh_Moo-hyun_0013.jpg,0
./lfw/Norman_Jewison/Norman_Jewison_0001.jpg,1
./lfw/Jeremy_Greenstock/Jeremy_Greenstock_0020.jpg,0
./lfw/John_Ashcroft/John_Ashcroft_0045.jpg,0
./lfw/Joe_Lieberman/Joe_Lieberman_0006.jpg,0
./lfw/David_Anderson/David_Anderson_0004.jpg,0
./lfw/Sergey_Lavrov/Sergey_Lavrov_0001.jpg,1
./lfw/Michael_Winterbottom/Michael_Winterbottom_0002.jpg,0
./lfw/Ralf_Schumacher/Ralf_Schumacher_0006.jpg,0
./lfw/Jon_Corzine/Jon_Corzine_0002.jpg,1
./lfw/Rainer_Schuettler/Rainer_Schuettler_0005.jpg,0
./lfw/Jack_Straw/Jack_Straw_0007.jpg,1
./lfw/Kent_Rominger/Kent_Rominger_0002.jpg,0
./lfw/Gray_Davis/Gray_Davis_0025.jpg,0
./lfw/Noer_Muis/Noer_Muis_0001.jpg,1
./lfw/Daniel_Darnell/Daniel_Darnell_0001.jpg,0
./lfw/Carlos_Moya/Carlos_Moya_0013.jpg,0
./lfw/Arminio_Fraga/Arminio_Fraga_0002.jpg,0
./lfw/Muhammad_Ali/Muhammad_Ali_0002.jpg,0
./lfw/Abdoulaye_Wade/Abdoulaye_Wade_0004.jpg,0
./lfw/Calista_Flockhart/Calista_Flockhart_0004.jpg,0
./lfw/Brian_Meadors/Brian_Meadors_0001.jpg,1
./lfw/Raghad_Saddam_Hussein/Raghad_Saddam_Hussein_0002.jpg,0
./lfw/Ben_Affleck/Ben_Affleck_0002.jpg,0
./lfw/Jim_Cantalupo/Jim_Cantalupo_0001.jpg,0
./lfw/Stephen_Ambrose/Stephen_Ambrose_0002.jpg,0
./lfw/Ben_Broussard/Ben_Broussard_0001.jpg,0
./lfw/George_W_Bush/George_W_Bush_0193.jpg,0
./lfw/Gerhard_Schroeder/Gerhard_Schroeder_0024.jpg,0
./lfw/Jacques_Chirac/Jacques_Chirac_0004.jpg,0
./lfw/Milton_Berle/Milton_Berle_0001.jpg,1
./lfw/Vicente_Fernandez/Vicente_Fernandez_0004.jpg,0
./lfw/Barbra_Streisand/Barbra_Streisand_0001.jpg,0
./lfw/John_Negroponte/John_Negroponte_0013.jpg,0
./lfw/Florecita_Cobian/Florecita_Cobian_0001.jpg,0
./lfw/Queen_Rania/Queen_Rania_0005.jpg,0
./lfw/Marcus_Gronholm/Marcus_Gronholm_0002.jpg,0
./lfw/Svend_Aage_Jensby/Svend_Aage_Jensby_0001.jpg,0
./lfw/Paul_Lo_Duca/Paul_Lo_Duca_0001.jpg,0
./lfw/Dan_Morales/Dan_Morales_0001.jpg,1
./lfw/Martin_Short/Martin_Short_0001.jpg,0
./lfw/Cheryl_Little/Cheryl_Little_0001.jpg,0
./lfw/Mark_Dacey/Mark_Dacey_0002.jpg,0
./lfw/Rani_Mukherjee/Rani_Mukherjee_0001.jpg,0
./lfw/Al_Gore/Al_Gore_0002.jpg,0
./lfw/Nan_Wang/Nan_Wang_0001.jpg,0
./lfw/Uri_Lopolianski/Uri_Lopolianski_0001.jpg,0
./lfw/Al_Sharpton/Al_Sharpton_0002.jpg,0
./lfw/Thomas_OBrien/Thomas_OBrien_0003.jpg,0
./lfw/Jose_Alencar/Jose_Alencar_0001.jpg,0
./lfw/Serena_Williams/Serena_Williams_0026.jpg,0
./lfw/Larry_Lucchino/Larry_Lucchino_0002.jpg,0
./lfw/Bartosz_Kizierowski/Bartosz_Kizierowski_0001.jpg,0
./lfw/Roger_Mahony/Roger_Mahony_0001.jpg,1
./lfw/Hamid_Karzai/Hamid_Karzai_0015.jpg,0
./lfw/Rick_Romley/Rick_Romley_0002.jpg,0
./lfw/Kelvin_Sampson/Kelvin_Sampson_0003.jpg,0
./lfw/Bill_Gates/Bill_Gates_0003.jpg,1
./lfw/Eloy_Gutierrez/Eloy_Gutierrez_0001.jpg,1
./lfw/Pedro_Malan/Pedro_Malan_0001.jpg,0
./lfw/Fernando_Gonzalez/Fernando_Gonzalez_0001.jpg,0
./lfw/Andre_Lange/Andre_Lange_0001.jpg,0
./lfw/Robert_Blackwill/Robert_Blackwill_0001.jpg,1
./lfw/Hugh_Grant/Hugh_Grant_0007.jpg,0
./lfw/Sam_Rockwell/Sam_Rockwell_0001.jpg,0
./lfw/Hugh_Miller/Hugh_Miller_0001.jpg,0
./lfw/Joerg_Haider/Joerg_Haider_0001.jpg,0
./lfw/Liza_Minnelli/Liza_Minnelli_0005.jpg,0
./lfw/Colin_Powell/Colin_Powell_0140.jpg,1
./lfw/Michael_Piuze/Michael_Piuze_0001.jpg,0
./lfw/Graham_Bentley/Graham_Bentley_0001.jpg,0
./lfw/Scott_OGrady/Scott_OGrady_0001.jpg,0
./lfw/Jeff_Roehm/Jeff_Roehm_0001.jpg,0
./lfw/Hamid_Karzai/Hamid_Karzai_0019.jpg,0
./lfw/Bob_Curtis/Bob_Curtis_0001.jpg,0
./lfw/Tom_Osborne/Tom_Osborne_0001.jpg,0
./lfw/Jose_Rosado/Jose_Rosado_0001.jpg,0
./lfw/Jay_Garner/Jay_Garner_0001.jpg,1
./lfw/George_W_Bush/George_W_Bush_0427.jpg,0
./lfw/Peter_Lundgren/Peter_Lundgren_0001.jpg,0
./lfw/Nicole_Kidman/Nicole_Kidman_0019.jpg,0
./lfw/Wilbert_Foy/Wilbert_Foy_0001.jpg,0
./lfw/Zhu_Rongji/Zhu_Rongji_0001.jpg,0
./lfw/Vin_Diesel/Vin_Diesel_0001.jpg,1
./lfw/Javier_Weber/Javier_Weber_0002.jpg,0
./lfw/Cathy_Cunningham/Cathy_Cunningham_0001.jpg,1
./lfw/Kifah_Ajouri/Kifah_Ajouri_0001.jpg,0
./lfw/Aung_San_Suu_Kyi/Aung_San_Suu_Kyi_0001.jpg,0
./lfw/Helen_Clark/Helen_Clark_0001.jpg,0
./lfw/Troy_Hudson/Troy_Hudson_0001.jpg,0
./lfw/Ilham_Aliev/Ilham_Aliev_0001.jpg,0
./lfw/David_Oh/David_Oh_0001.jpg,0
./lfw/Vladimir_Voltchkov/Vladimir_Voltchkov_0002.jpg,0
./lfw/Kristen_Breitweiser/Kristen_Breitweiser_0003.jpg,0
./lfw/George_W_Bush/George_W_Bush_0520.jpg,0
./lfw/Tung_Chee-hwa/Tung_Chee-hwa_0003.jpg,0
./lfw/Charlton_Heston/Charlton_Heston_0005.jpg,0
./lfw/Rick_Stansbury/Rick_Stansbury_0003.jpg,0
./lfw/Habib_Rizieq/Habib_Rizieq_0002.jpg,1
./lfw/Ariel_Sharon/Ariel_Sharon_0061.jpg,0
./lfw/George_Ryan/George_Ryan_0002.jpg,1
./lfw/Gordon_Cooper/Gordon_Cooper_0001.jpg,0
./lfw/Amelia_Vega/Amelia_Vega_0005.jpg,0
./lfw/Clive_Woodward/Clive_Woodward_0001.jpg,0
./lfw/Gordon_Brown/Gordon_Brown_0008.jpg,0
./lfw/George_W_Bush/George_W_Bush_0055.jpg,0
./lfw/Larenz_Tate/Larenz_Tate_0001.jpg,0
./lfw/Jesse_James_Leija/Jesse_James_Leija_0001.jpg,0
./lfw/Richard_Gephardt/Richard_Gephardt_0006.jpg,0
./lfw/Hal_Sutton/Hal_Sutton_0001.jpg,0
./lfw/Mariah_Carey/Mariah_Carey_0005.jpg,0
./lfw/Michael_Bloomberg/Michael_Bloomberg_0018.jpg,0
./lfw/Yves_Brodeur/Yves_Brodeur_0001.jpg,0
./lfw/James_Barksdale/James_Barksdale_0001.jpg,0
./lfw/Ricardo_Lagos/Ricardo_Lagos_0005.jpg,0
./lfw/Eric_Schacht/Eric_Schacht_0001.jpg,0
./lfw/Norbert_van_Heyst/Norbert_van_Heyst_0001.jpg,1
./lfw/Caroline_Kennedy/Caroline_Kennedy_0003.jpg,0
./lfw/John_Ashcroft/John_Ashcroft_0020.jpg,0
./lfw/Abdullah/Abdullah_0003.jpg,0
./lfw/Marie_Haghal/Marie_Haghal_0001.jpg,1
./lfw/Sohail_Abbas/Sohail_Abbas_0001.jpg,0
./lfw/George_W_Bush/George_W_Bush_0528.jpg,0
./lfw/George_HW_Bush/George_HW_Bush_0001.jpg,0
./lfw/Robert_De_Niro/Robert_De_Niro_0001.jpg,0
./lfw/Pat_Burns/Pat_Burns_0002.jpg,0
./lfw/Richard_Pennington/Richard_Pennington_0001.jpg,0
./lfw/Richard_Norton-Taylor/Richard_Norton-Taylor_0001.jpg,0
./lfw/Al_Gore/Al_Gore_0004.jpg,0
./lfw/Barbara_Brezigar/Barbara_Brezigar_0001.jpg,0
./lfw/Gerhard_Schroeder/Gerhard_Schroeder_0064.jpg,0
./lfw/Jose_Maria_Aznar/Jose_Maria_Aznar_0002.jpg,0
./lfw/Ariel_Sharon/Ariel_Sharon_0002.jpg,0
./lfw/Thomas_Daily/Thomas_Daily_0001.jpg,1
./lfw/Lindsey_Graham/Lindsey_Graham_0002.jpg,0
./lfw/Winona_Ryder/Winona_Ryder_0012.jpg,0
./lfw/Michael_Olowokandi/Michael_Olowokandi_0001.jpg,0
./lfw/Jose_Serra/Jose_Serra_0007.jpg,0
./lfw/Tim_Henman/Tim_Henman_0019.jpg,0
./lfw/Phil_Vassar/Phil_Vassar_0002.jpg,0
./lfw/Abdel_Madi_Shabneh/Abdel_Madi_Shabneh_0001.jpg,0
./lfw/Juan_Carlos_Ferrero/Juan_Carlos_Ferrero_0002.jpg,0
./lfw/Doc_Rivers/Doc_Rivers_0001.jpg,0
./lfw/Jiang_Zemin/Jiang_Zemin_0014.jpg,1
./lfw/Arianna_Huffington/Arianna_Huffington_0004.jpg,0
./lfw/Amber_Tamblyn/Amber_Tamblyn_0002.jpg,0
./lfw/George_W_Bush/George_W_Bush_0306.jpg,0
./lfw/Tim_Conway/Tim_Conway_0003.jpg,0
./lfw/Colin_Campbell/Colin_Campbell_0001.jpg,0
./lfw/TA_McLendon/TA_McLendon_0001.jpg,0
./lfw/Guillermo_Coria/Guillermo_Coria_0024.jpg,0
./lfw/Steve_Pagliuca/Steve_Pagliuca_0001.jpg,0
./lfw/Jiri_Novak/Jiri_Novak_0008.jpg,0
./lfw/Madonna/Madonna_0005.jpg,0
./lfw/Pascal_Lamy/Pascal_Lamy_0002.jpg,0
./lfw/Chris_Bell/Chris_Bell_0002.jpg,0
./lfw/Wen_Jiabao/Wen_Jiabao_0006.jpg,1
./lfw/Justin_Leonard/Justin_Leonard_0004.jpg,0
./lfw/Martha_Stewart/Martha_Stewart_0003.jpg,0
./lfw/Rubens_Barrichello/Rubens_Barrichello_0009.jpg,0
./lfw/Martha_Smith/Martha_Smith_0001.jpg,0
./lfw/Jean-Pierre_Bemba/Jean-Pierre_Bemba_0001.jpg,0
./lfw/Jose_Mourinho/Jose_Mourinho_0001.jpg,0
./lfw/George_HW_Bush/George_HW_Bush_0006.jpg,0
./lfw/George_HW_Bush/George_HW_Bush_0012.jpg,0
./lfw/Sophia_Loren/Sophia_Loren_0004.jpg,0
./lfw/George_W_Bush/George_W_Bush_0527.jpg,0
./lfw/Carla_Del_Ponte/Carla_Del_Ponte_0004.jpg,1
./lfw/Larry_Lucchino/Larry_Lucchino_0001.jpg,0
./lfw/Paul-Henri_Mathieu/Paul-Henri_Mathieu_0003.jpg,0
./lfw/Lauren_Killian/Lauren_Killian_0002.jpg,0
./lfw/Greg_Frers/Greg_Frers_0001.jpg,0
./lfw/Raquel_Welch/Raquel_Welch_0001.jpg,0
./lfw/Chris_Andrews/Chris_Andrews_0001.jpg,0
./lfw/Spencer_Abraham/Spencer_Abraham_0009.jpg,0
./lfw/Jackie_Chan/Jackie_Chan_0010.jpg,0
./lfw/Larry_Beinfest/Larry_Beinfest_0001.jpg,0
./lfw/Greg_Owen/Greg_Owen_0002.jpg,0
./lfw/Cabas/Cabas_0001.jpg,0
./lfw/Harrison_Ford/Harrison_Ford_0009.jpg,0
./lfw/Jean_Chretien/Jean_Chretien_0045.jpg,0
./lfw/Sophia_Loren/Sophia_Loren_0006.jpg,1
./lfw/Augusto_Roa_Bastos/Augusto_Roa_Bastos_0001.jpg,0
./lfw/Recep_Tayyip_Erdogan/Recep_Tayyip_Erdogan_0017.jpg,0
./lfw/Michael_Caine/Michael_Caine_0004.jpg,1
./lfw/Moshe_Katsav/Moshe_Katsav_0001.jpg,0
./lfw/Janez_Drnovsek/Janez_Drnovsek_0001.jpg,0
./lfw/Tony_Blair/Tony_Blair_0099.jpg,0
./lfw/Mahmoud_Abbas/Mahmoud_Abbas_0021.jpg,1
./lfw/Garry_Trudeau/Garry_Trudeau_0002.jpg,0
./lfw/Larry_Lindsey/Larry_Lindsey_0001.jpg,0
./lfw/Sean_OKeefe/Sean_OKeefe_0003.jpg,0
./lfw/Robin_Tunney/Robin_Tunney_0001.jpg,0
./lfw/Lucia_Kenny_Anthony/Lucia_Kenny_Anthony_0001.jpg,1
./lfw/Tommy_Thompson/Tommy_Thompson_0005.jpg,0
./lfw/Costas_Simitis/Costas_Simitis_0004.jpg,0
./lfw/John_Ashcroft/John_Ashcroft_0029.jpg,0
./lfw/Jacques_Chirac/Jacques_Chirac_0002.jpg,0
./lfw/Roel_Campos/Roel_Campos_0001.jpg,0
./lfw/George_W_Bush/George_W_Bush_0198.jpg,0
./lfw/George_Tenet/George_Tenet_0001.jpg,0
./lfw/Carlos_Arroyo/Carlos_Arroyo_0001.jpg,0
./lfw/Tony_Blair/Tony_Blair_0026.jpg,0
./lfw/Tony_Blair/Tony_Blair_0076.jpg,0
./lfw/Don_King/Don_King_0001.jpg,1
./lfw/Francisco_Flores/Francisco_Flores_0001.jpg,1
./lfw/Milo_Maestrecampo/Milo_Maestrecampo_0003.jpg,0
./lfw/Ernie_Grunfeld/Ernie_Grunfeld_0001.jpg,0
./lfw/Shanna_Zolman/Shanna_Zolman_0001.jpg,0
./lfw/Miguel_Hakim/Miguel_Hakim_0001.jpg,1
./lfw/Wilson_Alvarez/Wilson_Alvarez_0001.jpg,0
./lfw/Bruce_Paltrow/Bruce_Paltrow_0001.jpg,1
./lfw/Masum_Turker/Masum_Turker_0002.jpg,1
./lfw/Quin_Snyder/Quin_Snyder_0001.jpg,0
./lfw/Gloria_Macapagal_Arroyo/Gloria_Macapagal_Arroyo_0042.jpg,0
./lfw/Zhu_Rongji/Zhu_Rongji_0003.jpg,0
./lfw/Gerhard_Schroeder/Gerhard_Schroeder_0082.jpg,0
./lfw/Rich_Gannon/Rich_Gannon_0002.jpg,0
./lfw/Henry_Hilow/Henry_Hilow_0001.jpg,0
./lfw/Sylvester_Stallone/Sylvester_Stallone_0009.jpg,0
./lfw/Jennifer_Capriati/Jennifer_Capriati_0042.jpg,0
./lfw/Jean-Sebastien_Giguere/Jean-Sebastien_Giguere_0001.jpg,0
./lfw/Mohamed_ElBaradei/Mohamed_ElBaradei_0007.jpg,1
./lfw/George_Robertson/George_Robertson_0021.jpg,0
./lfw/Gerhard_Schroeder/Gerhard_Schroeder_0063.jpg,0
./lfw/Tony_Blair/Tony_Blair_0140.jpg,0
./lfw/Tom_Vilsack/Tom_Vilsack_0001.jpg,0
./lfw/Franz_Muentefering/Franz_Muentefering_0002.jpg,1
./lfw/Jakob_Kellenberger/Jakob_Kellenberger_0001.jpg,1
./lfw/Colin_Powell/Colin_Powell_0001.jpg,1
./lfw/Jennifer_Lopez/Jennifer_Lopez_0009.jpg,0
./lfw/Dorthy_Moxley/Dorthy_Moxley_0001.jpg,1
./lfw/David_Zeplowitz/David_Zeplowitz_0001.jpg,0
./lfw/Eric_Rosser/Eric_Rosser_0001.jpg,0
./lfw/Vladimir_Spidla/Vladimir_Spidla_0002.jpg,1
./lfw/Tony_Blair/Tony_Blair_0128.jpg,0
./lfw/Caroline_Kennedy/Caroline_Kennedy_0002.jpg,0
./lfw/Hugo_Chavez/Hugo_Chavez_0037.jpg,0
./lfw/John_Edwards/John_Edwards_0003.jpg,0
./lfw/Gil_de_Ferran/Gil_de_Ferran_0005.jpg,0
./lfw/Mitzi_Gaynor/Mitzi_Gaynor_0001.jpg,0
./lfw/Lisa_Murkowski/Lisa_Murkowski_0001.jpg,0
./lfw/Luo_Linquan/Luo_Linquan_0001.jpg,1
./lfw/Robert_Duvall/Robert_Duvall_0002.jpg,0
./lfw/Anna_Kournikova/Anna_Kournikova_0009.jpg,0
./lfw/John_Kerry/John_Kerry_0001.jpg,0
./lfw/Mike_Richter/Mike_Richter_0001.jpg,0
./lfw/George_W_Bush/George_W_Bush_0058.jpg,0
./lfw/Matt_LeBlanc/Matt_LeBlanc_0001.jpg,0
./lfw/Nuon_Chea/Nuon_Chea_0001.jpg,0
./lfw/John_Reid/John_Reid_0003.jpg,0
./lfw/John_Paul_II/John_Paul_II_0008.jpg,0
./lfw/Peter_Rasch/Peter_Rasch_0001.jpg,1
./lfw/Jeremy_Greenstock/Jeremy_Greenstock_0001.jpg,0
./lfw/Bill_Sizemore/Bill_Sizemore_0001.jpg,0
./lfw/Kevin_Costner/Kevin_Costner_0008.jpg,0
./lfw/John_Herrington/John_Herrington_0001.jpg,0
./lfw/George_W_Bush/George_W_Bush_0258.jpg,0
./lfw/Jacques_Chirac/Jacques_Chirac_0021.jpg,0
./lfw/Richard_Myers/Richard_Myers_0002.jpg,0
./lfw/Abdullah/Abdullah_0001.jpg,0
./lfw/Amanda_Beard/Amanda_Beard_0001.jpg,0
./lfw/Kathryn_Bigelow/Kathryn_Bigelow_0001.jpg,0
./lfw/Fernando_Vargas/Fernando_Vargas_0002.jpg,1
./lfw/Kajsa_Bergqvist/Kajsa_Bergqvist_0001.jpg,0
./lfw/James_Brosnahan/James_Brosnahan_0001.jpg,1
./lfw/Jeremy_Greenstock/Jeremy_Greenstock_0004.jpg,0
./lfw/George_Pataki/George_Pataki_0003.jpg,0
./lfw/Paul_Burrell/Paul_Burrell_0007.jpg,0
./lfw/Christine_Todd_Whitman/Christine_Todd_Whitman_0005.jpg,0
./lfw/Cynthia_Rowley/Cynthia_Rowley_0001.jpg,0
./lfw/Richard_Krajicek/Richard_Krajicek_0002.jpg,0
./lfw/Tim_Henman/Tim_Henman_0018.jpg,0
./lfw/Mike_Krzyzewski/Mike_Krzyzewski_0002.jpg,0
./lfw/Junichiro_Koizumi/Junichiro_Koizumi_0048.jpg,0
./lfw/Zhang_Yimou/Zhang_Yimou_0001.jpg,0
./lfw/Ronald_Young_Jr/Ronald_Young_Jr_0001.jpg,0
./lfw/Jeremy_Greenstock/Jeremy_Greenstock_0007.jpg,0
./lfw/Bill_McBride/Bill_McBride_0008.jpg,0
./lfw/Richard_Gephardt/Richard_Gephardt_0007.jpg,0
./lfw/Brian_Grazier/Brian_Grazier_0001.jpg,0
./lfw/Yusuf_Misbac/Yusuf_Misbac_0001.jpg,1
./lfw/Rick_Pitino/Rick_Pitino_0004.jpg,0
./lfw/George_W_Bush/George_W_Bush_0382.jpg,0
./lfw/Brad_Gushue/Brad_Gushue_0001.jpg,0
./lfw/Mahathir_Mohamad/Mahathir_Mohamad_0009.jpg,1
./lfw/Steve_Nash/Steve_Nash_0003.jpg,0
./lfw/Nicanor_Duarte_Frutos/Nicanor_Duarte_Frutos_0007.jpg,1
./lfw/Nicolas_Cage/Nicolas_Cage_0004.jpg,0
./lfw/Kim_Ryong-sung/Kim_Ryong-sung_0003.jpg,0
./lfw/Romano_Prodi/Romano_Prodi_0003.jpg,1
./lfw/Tom_Daschle/Tom_Daschle_0017.jpg,0
./lfw/Sadie_Frost/Sadie_Frost_0003.jpg,0
./lfw/George_W_Bush/George_W_Bush_0295.jpg,0
./lfw/Ahmed_Ahmed/Ahmed_Ahmed_0001.jpg,0
./lfw/Ariel_Sharon/Ariel_Sharon_0077.jpg,0
./lfw/Franco_Dragone/Franco_Dragone_0002.jpg,0
./lfw/Rick_Wagoner/Rick_Wagoner_0002.jpg,0
./lfw/Robert_Blake/Robert_Blake_0005.jpg,0
./lfw/Vladimir_Putin/Vladimir_Putin_0042.jpg,0
./lfw/Gloria_Macapagal_Arroyo/Gloria_Macapagal_Arroyo_0006.jpg,0
./lfw/Bobby_Goldwater/Bobby_Goldwater_0001.jpg,1
./lfw/Robert_Fico/Robert_Fico_0001.jpg,0
./lfw/Amanda_Marsh/Amanda_Marsh_0001.jpg,0
./lfw/Tom_Hanks/Tom_Hanks_0005.jpg,0
./lfw/Gerhard_Schroeder/Gerhard_Schroeder_0052.jpg,0
./lfw/Mohammed_Dahlan/Mohammed_Dahlan_0001.jpg,0
./lfw/Kelli_White/Kelli_White_0002.jpg,0
./lfw/Guillermo_Coria/Guillermo_Coria_0028.jpg,0
./lfw/Muhammad_Ali/Muhammad_Ali_0003.jpg,0
./lfw/Bill_Readdy/Bill_Readdy_0001.jpg,0
./lfw/Wayne_Brady/Wayne_Brady_0001.jpg,0
./lfw/Akhmed_Zakayev/Akhmed_Zakayev_0002.jpg,0
./lfw/Qais_al-Kazali/Qais_al-Kazali_0001.jpg,0
./lfw/John_Negroponte/John_Negroponte_0010.jpg,0
./lfw/Christopher_Walken/Christopher_Walken_0004.jpg,1
./lfw/Paul_Martin/Paul_Martin_0004.jpg,0
./lfw/Robert_Lange/Robert_Lange_0001.jpg,0
./lfw/Dennis_Kucinich/Dennis_Kucinich_0003.jpg,0
./lfw/Gregorio_Honasan/Gregorio_Honasan_0001.jpg,1
./lfw/Bobby_Goldwater/Bobby_Goldwater_0002.jpg,1
./lfw/Floyd_Mayweather/Floyd_Mayweather_0001.jpg,0
./lfw/Hans_Blix/Hans_Blix_0038.jpg,1
./lfw/Gary_Doer/Gary_Doer_0003.jpg,0
./lfw/Betty_Williams/Betty_Williams_0001.jpg,0
./lfw/Conan_OBrien/Conan_OBrien_0001.jpg,0
./lfw/Conrad_Black/Conrad_Black_0001.jpg,0
./lfw/Tom_Cruise/Tom_Cruise_0010.jpg,0
./lfw/George_W_Bush/George_W_Bush_0431.jpg,0
./lfw/Brawley_King/Brawley_King_0001.jpg,0
./lfw/Mathilda_Karel_Spak/Mathilda_Karel_Spak_0001.jpg,1
./lfw/Trent_Lott/Trent_Lott_0015.jpg,1
./lfw/Stan_Kasten/Stan_Kasten_0001.jpg,0
./lfw/Dan_Kellner/Dan_Kellner_0001.jpg,0
./lfw/Barbara_Becker/Barbara_Becker_0001.jpg,0
./lfw/Jason_Sorens/Jason_Sorens_0001.jpg,0
./lfw/Rob_Marshall/Rob_Marshall_0003.jpg,0
./lfw/Michael_Chang/Michael_Chang_0008.jpg,0
./lfw/Ray_Nagin/Ray_Nagin_0002.jpg,0
./lfw/Tom_Hanks/Tom_Hanks_0001.jpg,0
./lfw/Igor_Ivanov/Igor_Ivanov_0017.jpg,0
./lfw/Ali_Naimi/Ali_Naimi_0002.jpg,1
./lfw/John_Ashcroft/John_Ashcroft_0044.jpg,0
./lfw/Rob_Moore/Rob_Moore_0001.jpg,1
./lfw/Carlos_Manuel_Pruneda/Carlos_Manuel_Pruneda_0002.jpg,0
./lfw/Dora_Bakoyianni/Dora_Bakoyianni_0001.jpg,0
./lfw/Daniel_Osorno/Daniel_Osorno_0001.jpg,0
./lfw/Tony_Blair/Tony_Blair_0134.jpg,0
./lfw/Nestor_Kirchner/Nestor_Kirchner_0036.jpg,0
./lfw/Kristin_Davis/Kristin_Davis_0002.jpg,0
./lfw/Peter_Greenspun/Peter_Greenspun_0001.jpg,0
./lfw/Spencer_Abraham/Spencer_Abraham_0001.jpg,0
./lfw/Igor_Ivanov/Igor_Ivanov_0013.jpg,0
./lfw/Fidel_Castro/Fidel_Castro_0015.jpg,0
./lfw/Junichiro_Koizumi/Junichiro_Koizumi_0030.jpg,0
./lfw/Al_Sharpton/Al_Sharpton_0004.jpg,0
./lfw/George_W_Bush/George_W_Bush_0472.jpg,0
./lfw/Arnold_Schwarzenegger/Arnold_Schwarzenegger_0011.jpg,0
./lfw/George_W_Bush/George_W_Bush_0122.jpg,0
./lfw/Brian_Wells/Brian_Wells_0001.jpg,1
./lfw/Tamara_Brooks/Tamara_Brooks_0002.jpg,0
./lfw/Taia_Balk/Taia_Balk_0001.jpg,0
./lfw/Ana_Palacio/Ana_Palacio_0006.jpg,0
./lfw/Ray_Romano/Ray_Romano_0007.jpg,0
./lfw/Jean_Chretien/Jean_Chretien_0034.jpg,0
./lfw/Raymond_Odierno/Raymond_Odierno_0002.jpg,0
./lfw/Rob_Niedermayer/Rob_Niedermayer_0001.jpg,0
./lfw/George_W_Bush/George_W_Bush_0437.jpg,0
./lfw/Vincent_Brooks/Vincent_Brooks_0007.jpg,0
./lfw/Fidel_Castro/Fidel_Castro_0014.jpg,0
./lfw/Mariah_Carey/Mariah_Carey_0007.jpg,0
./lfw/Ozzie_Smith/Ozzie_Smith_0001.jpg,0
./lfw/James_Maguire/James_Maguire_0002.jpg,1
./lfw/Hans_Blix/Hans_Blix_0030.jpg,1
./lfw/Helen_Clark/Helen_Clark_0002.jpg,0
./lfw/Yossi_Beilin/Yossi_Beilin_0002.jpg,1
./lfw/Jose_Canseco/Jose_Canseco_0002.jpg,0
./lfw/Kathy_Baker/Kathy_Baker_0001.jpg,0
./lfw/Noel_Niell/Noel_Niell_0001.jpg,0
./lfw/Iain_Duncan_Smith/Iain_Duncan_Smith_0004.jpg,0
./lfw/Joe_Vandever/Joe_Vandever_0001.jpg,1
./lfw/Jean_Chretien/Jean_Chretien_0008.jpg,0
./lfw/Michael_Schumacher/Michael_Schumacher_0017.jpg,1
./lfw/Ken_Macha/Ken_Macha_0001.jpg,0
./lfw/Amer_al-Saadi/Amer_al-Saadi_0003.jpg,0
./lfw/Nestor_Kirchner/Nestor_Kirchner_0014.jpg,0
./lfw/Serena_Williams/Serena_Williams_0048.jpg,0
./lfw/Valorie_Brabazon/Valorie_Brabazon_0001.jpg,1
./lfw/Linda_Lingle/Linda_Lingle_0001.jpg,1
./lfw/Javier_Zanetti/Javier_Zanetti_0001.jpg,0
./lfw/Ciro_Gomes/Ciro_Gomes_0004.jpg,0
./lfw/Jennifer_Garner/Jennifer_Garner_0002.jpg,0
./lfw/Jake_Gyllenhaal/Jake_Gyllenhaal_0002.jpg,0
./lfw/Dominic_Monaghan/Dominic_Monaghan_0001.jpg,0
./lfw/Serena_Williams/Serena_Williams_0006.jpg,0
./lfw/Joan_Laporta/Joan_Laporta_0002.jpg,0
./lfw/Jeffery_Hendren/Jeffery_Hendren_0001.jpg,1
./lfw/Steven_Van_Zandt/Steven_Van_Zandt_0001.jpg,0
./lfw/Oswald_Gruebel/Oswald_Gruebel_0001.jpg,0
./lfw/Adisai_Bodharamik/Adisai_Bodharamik_0001.jpg,1
./lfw/Jiang_Zemin/Jiang_Zemin_0003.jpg,1
./lfw/Renee_Zellweger/Renee_Zellweger_0005.jpg,0
./lfw/Mauro_Viza/Mauro_Viza_0001.jpg,0
./lfw/Saddam_Hussein/Saddam_Hussein_0022.jpg,0
./lfw/Angela_Bassett/Angela_Bassett_0002.jpg,0
./lfw/Carlos_Mesa/Carlos_Mesa_0002.jpg,1
./lfw/Johnny_Benson/Johnny_Benson_0001.jpg,0
./lfw/Dionigi_Tettamanzi/Dionigi_Tettamanzi_0001.jpg,0
./lfw/Mark_Cuban/Mark_Cuban_0002.jpg,0
./lfw/Anneli_Jaatteenmaki/Anneli_Jaatteenmaki_0002.jpg,0
./lfw/Leszek_Miller/Leszek_Miller_0001.jpg,0
./lfw/Federico_Trillo/Federico_Trillo_0003.jpg,0
./lfw/Hamid_Karzai/Hamid_Karzai_0013.jpg,0
./lfw/John_Edwards/John_Edwards_0001.jpg,0
./lfw/Hans_Blix/Hans_Blix_0015.jpg,1
./lfw/Kim_Clijsters/Kim_Clijsters_0005.jpg,0
./lfw/Bobby_Robson/Bobby_Robson_0001.jpg,0
./lfw/Juan_Pablo_Montoya/Juan_Pablo_Montoya_0006.jpg,0
./lfw/Michael_Schumacher/Michael_Schumacher_0003.jpg,0
./lfw/Gerhard_Schroeder/Gerhard_Schroeder_0032.jpg,0
./lfw/Janet_Thorpe/Janet_Thorpe_0001.jpg,0
./lfw/George_W_Bush/George_W_Bush_0106.jpg,0
./lfw/Gerhard_Schroeder/Gerhard_Schroeder_0018.jpg,0
./lfw/Colin_Powell/Colin_Powell_0119.jpg,1
./lfw/John_Kerry/John_Kerry_0009.jpg,0
./lfw/Mark_Wahlberg/Mark_Wahlberg_0004.jpg,0
./lfw/Christian_Longo/Christian_Longo_0001.jpg,0
./lfw/Alan_Zemaitis/Alan_Zemaitis_0001.jpg,0
./lfw/Ali_Naimi/Ali_Naimi_0004.jpg,1
./lfw/Gerhard_Schroeder/Gerhard_Schroeder_0080.jpg,0
./lfw/Norah_Jones/Norah_Jones_0015.jpg,0
./lfw/Tony_Blair/Tony_Blair_0054.jpg,0
./lfw/Cedric_Benson/Cedric_Benson_0001.jpg,0
./lfw/Aline_Chretien/Aline_Chretien_0001.jpg,0
./lfw/Tom_Cruise/Tom_Cruise_0003.jpg,0
./lfw/Diana_Krall/Diana_Krall_0003.jpg,0
./lfw/George_W_Bush/George_W_Bush_0227.jpg,0
./lfw/Pervez_Musharraf/Pervez_Musharraf_0016.jpg,1
./lfw/Lee_Ann_Terlaji/Lee_Ann_Terlaji_0001.jpg,0
./lfw/Gloria_Macapagal_Arroyo/Gloria_Macapagal_Arroyo_0001.jpg,0
./lfw/Gloria_Macapagal_Arroyo/Gloria_Macapagal_Arroyo_0017.jpg,0
./lfw/Imad_Moustapha/Imad_Moustapha_0002.jpg,0
./lfw/Sophia_Loren/Sophia_Loren_0003.jpg,1
./lfw/Julianne_Moore/Julianne_Moore_0005.jpg,0
./lfw/John_Madden/John_Madden_0001.jpg,0
./lfw/Colin_Powell/Colin_Powell_0030.jpg,1
./lfw/Oscar_De_La_Hoya/Oscar_De_La_Hoya_0002.jpg,0
./lfw/Justin_Timberlake/Justin_Timberlake_0002.jpg,0
./lfw/Carlos_Paternina/Carlos_Paternina_0001.jpg,0
./lfw/Anthony_Corso/Anthony_Corso_0001.jpg,0
./lfw/Alicia_Keys/Alicia_Keys_0001.jpg,0
./lfw/Tom_Daschle/Tom_Daschle_0010.jpg,0
./lfw/Wang_Hailan/Wang_Hailan_0001.jpg,0
./lfw/Kim_Jong-Il/Kim_Jong-Il_0001.jpg,1
./lfw/Clay_Aiken/Clay_Aiken_0002.jpg,0
./lfw/Debbie_Reynolds/Debbie_Reynolds_0002.jpg,0
./lfw/James_Ivory/James_Ivory_0002.jpg,0
./lfw/Rubens_Barrichello/Rubens_Barrichello_0011.jpg,0
./lfw/Svetlana_Koroleva/Svetlana_Koroleva_0001.jpg,0
./lfw/Giuseppe_Gibilisco/Giuseppe_Gibilisco_0002.jpg,0
./lfw/Hilary_Duff/Hilary_Duff_0002.jpg,0
./lfw/Leon_LaPorte/Leon_LaPorte_0001.jpg,0
./lfw/Kim_Clijsters/Kim_Clijsters_0008.jpg,0
./lfw/Job_Cohen/Job_Cohen_0002.jpg,0
./lfw/Arnold_Schwarzenegger/Arnold_Schwarzenegger_0003.jpg,0
./lfw/Colin_Powell/Colin_Powell_0137.jpg,1
./lfw/Oswaldo_Paya/Oswaldo_Paya_0004.jpg,1
./lfw/Sergei_Ivanov/Sergei_Ivanov_0004.jpg,0
./lfw/Princess_Elisabeth/Princess_Elisabeth_0001.jpg,0
./lfw/John_Darby/John_Darby_0001.jpg,0
./lfw/Pedro_Martinez/Pedro_Martinez_0001.jpg,0
./lfw/Lauren_Hutton/Lauren_Hutton_0002.jpg,0
./lfw/Martie_Maguire/Martie_Maguire_0001.jpg,0
./lfw/George_W_Bush/George_W_Bush_0229.jpg,0
./lfw/Paul_Bremer/Paul_Bremer_0007.jpg,0
./lfw/Andrew_Bunner/Andrew_Bunner_0001.jpg,0
./lfw/Don_Lake/Don_Lake_0001.jpg,0
./lfw/Maria_Guida/Maria_Guida_0001.jpg,0
./lfw/Chung_Mong-hun/Chung_Mong-hun_0002.jpg,1
./lfw/Serena_Williams/Serena_Williams_0041.jpg,0
./lfw/Claudine_Farrell/Claudine_Farrell_0001.jpg,0
./lfw/Paul_Wellstone/Paul_Wellstone_0002.jpg,0
./lfw/Michael_Chang/Michael_Chang_0001.jpg,0
./lfw/Liliana_Cavani/Liliana_Cavani_0001.jpg,0
./lfw/Ernie_Eves/Ernie_Eves_0001.jpg,0
./lfw/Shane_Hmiel/Shane_Hmiel_0001.jpg,0
./lfw/Christine_Baumgartner/Christine_Baumgartner_0001.jpg,0
./lfw/Chick_Hearn/Chick_Hearn_0002.jpg,0
./lfw/Bruce_Arena/Bruce_Arena_0001.jpg,0
./lfw/Emmanuel_Milingo/Emmanuel_Milingo_0001.jpg,1
./lfw/John_Travolta/John_Travolta_0006.jpg,0
./lfw/John_Ashcroft/John_Ashcroft_0034.jpg,0
./lfw/Mikhail_Kasyanov/Mikhail_Kasyanov_0002.jpg,0
./lfw/Juan_Pablo_Montoya/Juan_Pablo_Montoya_0005.jpg,0
./lfw/Julie_Gerberding/Julie_Gerberding_0006.jpg,0
./lfw/Gloria_Macapagal_Arroyo/Gloria_Macapagal_Arroyo_0035.jpg,1
./lfw/Julie_Andrews/Julie_Andrews_0001.jpg,0
./lfw/Norah_Jones/Norah_Jones_0002.jpg,0
./lfw/Jose_Serra/Jose_Serra_0008.jpg,0
./lfw/Phil_Johnson/Phil_Johnson_0001.jpg,0
./lfw/Darrell_Porter/Darrell_Porter_0002.jpg,1
./lfw/Priscilla_Owen/Priscilla_Owen_0002.jpg,0
./lfw/Zoran_Djindjic/Zoran_Djindjic_0002.jpg,0
./lfw/Rod_Bryden/Rod_Bryden_0001.jpg,0
./lfw/Sammy_Sosa/Sammy_Sosa_0001.jpg,1
./lfw/Stuart_Whitman/Stuart_Whitman_0001.jpg,0
./lfw/Arnold_Schwarzenegger/Arnold_Schwarzenegger_0009.jpg,0
./lfw/Prince_Willem-Alexander/Prince_Willem-Alexander_0002.jpg,0
./lfw/Ali_Adbul_Karim_Madani/Ali_Adbul_Karim_Madani_0001.jpg,0
./lfw/Asa_Hutchinson/Asa_Hutchinson_0002.jpg,0
./lfw/George_W_Bush/George_W_Bush_0286.jpg,0
./lfw/Gene_Hackman/Gene_Hackman_0001.jpg,0
./lfw/Horst_Koehler/Horst_Koehler_0002.jpg,0
./lfw/Marty_Mornhinweg/Marty_Mornhinweg_0003.jpg,0
./lfw/Taha_Yassin_Ramadan/Taha_Yassin_Ramadan_0003.jpg,0
./lfw/John_Garamendi/John_Garamendi_0001.jpg,0
./lfw/Donnie_Brennan/Donnie_Brennan_0001.jpg,0
./lfw/Bill_Graham/Bill_Graham_0003.jpg,0
./lfw/Luiz_Inacio_Lula_da_Silva/Luiz_Inacio_Lula_da_Silva_0040.jpg,0
./lfw/John_Negroponte/John_Negroponte_0019.jpg,0
./lfw/Juan_Pablo_Montoya/Juan_Pablo_Montoya_0003.jpg,0
./lfw/Lindy_Ruff/Lindy_Ruff_0001.jpg,0
./lfw/George_W_Bush/George_W_Bush_0418.jpg,0
./lfw/Iain_Duncan_Smith/Iain_Duncan_Smith_0001.jpg,0
./lfw/John_Allen_Muhammad/John_Allen_Muhammad_0008.jpg,0
./lfw/Mark_Komara/Mark_Komara_0001.jpg,0
./lfw/Dave_Johnson/Dave_Johnson_0001.jpg,0
./lfw/Pham_Thi_Mai_Phuong/Pham_Thi_Mai_Phuong_0001.jpg,0
./lfw/Robin_Wagner/Robin_Wagner_0001.jpg,0
./lfw/Katie_Harman/Katie_Harman_0002.jpg,0
./lfw/Cesar_Gaviria/Cesar_Gaviria_0003.jpg,0
./lfw/Theo_Epstein/Theo_Epstein_0001.jpg,0
./lfw/Joseph_Deiss/Joseph_Deiss_0003.jpg,0
./lfw/Elisha_Cuthbert/Elisha_Cuthbert_0001.jpg,0
./lfw/Paul_Bremer/Paul_Bremer_0001.jpg,0
./lfw/Prince_Charles/Prince_Charles_0001.jpg,0
./lfw/Mel_Gibson/Mel_Gibson_0002.jpg,0
./lfw/Henry_Hyde/Henry_Hyde_0001.jpg,1
./lfw/Mehmet_Okur/Mehmet_Okur_0001.jpg,0
./lfw/Thomas_Cloyd/Thomas_Cloyd_0001.jpg,0
./lfw/Roh_Moo-hyun/Roh_Moo-hyun_0032.jpg,0
./lfw/John_Howard/John_Howard_0007.jpg,1
./lfw/Mark_Heller/Mark_Heller_0002.jpg,0
./lfw/Dominique_de_Villepin/Dominique_de_Villepin_0001.jpg,0
./lfw/Robert_Evans/Robert_Evans_0002.jpg,1
./lfw/Hamid_Karzai/Hamid_Karzai_0018.jpg,0
./lfw/John_Walsh/John_Walsh_0001.jpg,0
./lfw/Ziwang_Xu/Ziwang_Xu_0001.jpg,1
./lfw/George_W_Bush/George_W_Bush_0136.jpg,0
./lfw/Cherie_Blair/Cherie_Blair_0003.jpg,0
./lfw/Roy_Moore/Roy_Moore_0006.jpg,1
./lfw/Arnold_Schwarzenegger/Arnold_Schwarzenegger_0017.jpg,0
./lfw/Larry_Templeton/Larry_Templeton_0001.jpg,0
./lfw/Peter_Schultz/Peter_Schultz_0001.jpg,0
./lfw/Rogerio_Romero/Rogerio_Romero_0001.jpg,1
./lfw/Ahmed_Ibrahim_Bilal/Ahmed_Ibrahim_Bilal_0001.jpg,0
./lfw/Richard_Daley/Richard_Daley_0001.jpg,0
./lfw/Li_Peng/Li_Peng_0009.jpg,1
./lfw/Jerry_McEntee/Jerry_McEntee_0001.jpg,0
./lfw/Richard_Gere/Richard_Gere_0002.jpg,1
./lfw/Jorge_Castaneda/Jorge_Castaneda_0001.jpg,0
./lfw/Laura_Bush/Laura_Bush_0026.jpg,0
./lfw/Kim_Ryong-sung/Kim_Ryong-sung_0009.jpg,0
./lfw/Greg_Rusedski/Greg_Rusedski_0002.jpg,0
./lfw/Iva_Majoli/Iva_Majoli_0002.jpg,0
./lfw/Carolina_Moraes/Carolina_Moraes_0002.jpg,0
./lfw/Silvia_Farina_Elia/Silvia_Farina_Elia_0002.jpg,0
./lfw/George_W_Bush/George_W_Bush_0439.jpg,0
./lfw/Christiane_Wulff/Christiane_Wulff_0001.jpg,1
./lfw/Brenda_Wilson/Brenda_Wilson_0001.jpg,1
./lfw/OJ_Simpson/OJ_Simpson_0001.jpg,0
./lfw/Howard_Dean/Howard_Dean_0010.jpg,0
./lfw/Colin_Powell/Colin_Powell_0178.jpg,1
./lfw/Gerhard_Schroeder/Gerhard_Schroeder_0034.jpg,1
./lfw/Silvan_Shalom/Silvan_Shalom_0006.jpg,1
./lfw/Martin_Verkerk/Martin_Verkerk_0001.jpg,0
./lfw/Yevgeny_Kafelnikov/Yevgeny_Kafelnikov_0002.jpg,0
./lfw/Jennifer_Capriati/Jennifer_Capriati_0034.jpg,0
./lfw/Paul_Gascoigne/Paul_Gascoigne_0002.jpg,0
./lfw/Ruth_Christofferson/Ruth_Christofferson_0001.jpg,0
./lfw/Sally_Ride/Sally_Ride_0001.jpg,0
./lfw/George_W_Bush/George_W_Bush_0171.jpg,0
./lfw/Abdoulaye_Wade/Abdoulaye_Wade_0001.jpg,0
./lfw/Micky_Arison/Micky_Arison_0001.jpg,1
./lfw/Queen_Latifah/Queen_Latifah_0002.jpg,0
./lfw/Regina_Ip/Regina_Ip_0001.jpg,0
./lfw/Al_Davis/Al_Davis_0002.jpg,0
./lfw/Elton_John/Elton_John_0001.jpg,1
./lfw/Werner_Schlager/Werner_Schlager_0001.jpg,0
./lfw/Johan_Bruyneel/Johan_Bruyneel_0001.jpg,0
./lfw/Izzat_Ibrahim/Izzat_Ibrahim_0001.jpg,0
./lfw/Marina_Hands/Marina_Hands_0001.jpg,0
./lfw/Chris_Cirino/Chris_Cirino_0001.jpg,0
./lfw/Vladimir_Voltchkov/Vladimir_Voltchkov_0001.jpg,0
./lfw/Sergei_Ivanov/Sergei_Ivanov_0002.jpg,0
./lfw/Alan_Stonecipher/Alan_Stonecipher_0001.jpg,0
./lfw/Slobodan_Milosevic/Slobodan_Milosevic_0003.jpg,0
./lfw/Sue_Wicks/Sue_Wicks_0002.jpg,0
./lfw/Saddam_Hussein/Saddam_Hussein_0019.jpg,0
./lfw/Pete_Carroll/Pete_Carroll_0002.jpg,0
./lfw/Bill_Doba/Bill_Doba_0001.jpg,1
./lfw/Susilo_Bambang_Yudhoyono/Susilo_Bambang_Yudhoyono_0001.jpg,0
./lfw/Hans_Blix/Hans_Blix_0018.jpg,1
./lfw/Atal_Bihari_Vajpayee/Atal_Bihari_Vajpayee_0004.jpg,1
./lfw/Mark_Martin/Mark_Martin_0001.jpg,0
./lfw/Laura_Bush/Laura_Bush_0012.jpg,0
./lfw/James_Kopp/James_Kopp_0004.jpg,1
./lfw/Barbara_Walters/Barbara_Walters_0004.jpg,0
./lfw/Kathie_Louise_Saunders/Kathie_Louise_Saunders_0001.jpg,0
./lfw/Bill_Clinton/Bill_Clinton_0026.jpg,0
./lfw/Maria_Sanchez_Lorenzo/Maria_Sanchez_Lorenzo_0001.jpg,0
./lfw/Ringo_Starr/Ringo_Starr_0001.jpg,1
./lfw/Rafael_Vinoly/Rafael_Vinoly_0001.jpg,1
./lfw/Laurent_Gbagbo/Laurent_Gbagbo_0002.jpg,0
./lfw/Robert_Bonner/Robert_Bonner_0003.jpg,0
./lfw/Arnold_Schwarzenegger/Arnold_Schwarzenegger_0026.jpg,0
./lfw/Ricardo_Lagos/Ricardo_Lagos_0022.jpg,0
./lfw/Hilary_Duff/Hilary_Duff_0001.jpg,0
./lfw/Tatiana_Kennedy_Schlossberg/Tatiana_Kennedy_Schlossberg_0001.jpg,0
./lfw/Jon_Stewart/Jon_Stewart_0001.jpg,0
./lfw/Dick_Posthumus/Dick_Posthumus_0001.jpg,0
./lfw/Amram_Mitzna/Amram_Mitzna_0002.jpg,1
./lfw/Alejandro_Avila/Alejandro_Avila_0001.jpg,0
./lfw/Mary_Steenburgen/Mary_Steenburgen_0002.jpg,0
./lfw/Colin_Powell/Colin_Powell_0016.jpg,1
./lfw/David_Duke/David_Duke_0001.jpg,0
./lfw/Harrison_Ford/Harrison_Ford_0003.jpg,0
./lfw/John_Ashcroft/John_Ashcroft_0038.jpg,0
./lfw/Ariel_Sharon/Ariel_Sharon_0067.jpg,0
./lfw/George_W_Bush/George_W_Bush_0392.jpg,0
./lfw/Michael_McNeely/Michael_McNeely_0001.jpg,0
./lfw/Ariel_Sharon/Ariel_Sharon_0045.jpg,0
./lfw/Mohammed_Al-Douri/Mohammed_Al-Douri_0004.jpg,1
./lfw/Lucy_Liu/Lucy_Liu_0005.jpg,0
./lfw/Chris_Neil/Chris_Neil_0001.jpg,0
./lfw/Lance_Armstrong/Lance_Armstrong_0001.jpg,0
./lfw/John_Mayer/John_Mayer_0003.jpg,0
./lfw/Li_Zhaoxing/Li_Zhaoxing_0008.jpg,0
./lfw/Mike_Tyson/Mike_Tyson_0002.jpg,0
./lfw/Bill_Stein/Bill_Stein_0001.jpg,0
./lfw/Jane_Clayson/Jane_Clayson_0001.jpg,0
./lfw/Sven_Goran_Eriksson/Sven_Goran_Eriksson_0001.jpg,1
./lfw/Colin_Powell/Colin_Powell_0128.jpg,1
./lfw/Clint_Eastwood/Clint_Eastwood_0003.jpg,0
./lfw/Jeffrey_Katzenberg/Jeffrey_Katzenberg_0001.jpg,1
./lfw/John_Ashcroft/John_Ashcroft_0003.jpg,0
./lfw/Raja_Qureshi/Raja_Qureshi_0001.jpg,1
./lfw/Jiri_Novak/Jiri_Novak_0005.jpg,0
./lfw/Alimzhan_Tokhtakhounov/Alimzhan_Tokhtakhounov_0001.jpg,0
./lfw/Justine_Pasek/Justine_Pasek_0004.jpg,0
./lfw/George_W_Bush/George_W_Bush_0147.jpg,0
./lfw/Sergio_Castellitto/Sergio_Castellitto_0001.jpg,0
./lfw/Dick_Cheney/Dick_Cheney_0010.jpg,1
./lfw/Colin_Powell/Colin_Powell_0116.jpg,1
./lfw/Dean_Barkley/Dean_Barkley_0001.jpg,0
./lfw/Donald_Rumsfeld/Donald_Rumsfeld_0028.jpg,1
./lfw/Laura_Bush/Laura_Bush_0039.jpg,0
./lfw/Tom_Ridge/Tom_Ridge_0021.jpg,0
./lfw/Nicanor_Duarte_Frutos/Nicanor_Duarte_Frutos_0004.jpg,1
./lfw/Ariel_Sharon/Ariel_Sharon_0023.jpg,0
./lfw/Tom_Craddick/Tom_Craddick_0001.jpg,1
./lfw/Jennifer_Connelly/Jennifer_Connelly_0001.jpg,0
./lfw/Lindsay_Davenport/Lindsay_Davenport_0001.jpg,0
./lfw/Tommy_Franks/Tommy_Franks_0012.jpg,0
./lfw/Tim_Henman/Tim_Henman_0003.jpg,0
./lfw/George_W_Bush/George_W_Bush_0393.jpg,0
./lfw/Hank_Bass/Hank_Bass_0001.jpg,1
./lfw/Jennifer_Reilly/Jennifer_Reilly_0001.jpg,1
./lfw/Todd_Reid/Todd_Reid_0001.jpg,0
./lfw/Stefano_Gabbana/Stefano_Gabbana_0001.jpg,0
./lfw/Chris_Rock/Chris_Rock_0001.jpg,0
./lfw/Andrew_Fastow/Andrew_Fastow_0001.jpg,0
./lfw/Richard_Myers/Richard_Myers_0018.jpg,0
./lfw/George_W_Bush/George_W_Bush_0039.jpg,0
./lfw/Tom_Daschle/Tom_Daschle_0003.jpg,0
./lfw/Kirk_Johnson/Kirk_Johnson_0002.jpg,0
./lfw/David_Beckham/David_Beckham_0025.jpg,0
./lfw/Sarah_Price/Sarah_Price_0001.jpg,1
./lfw/Anthony_Carter/Anthony_Carter_0001.jpg,0
./lfw/Lina_Krasnoroutskaya/Lina_Krasnoroutskaya_0002.jpg,0
./lfw/King_Abdullah_II/King_Abdullah_II_0005.jpg,0
./lfw/Wu_Yi/Wu_Yi_0001.jpg,1
./lfw/Paul_ONeill/Paul_ONeill_0001.jpg,1
./lfw/Michael_Fitzgerald/Michael_Fitzgerald_0001.jpg,0
./lfw/Marieta_Chrousala/Marieta_Chrousala_0001.jpg,0
./lfw/Mark_Geragos/Mark_Geragos_0002.jpg,0
./lfw/John_Ashcroft/John_Ashcroft_0023.jpg,0
./lfw/Erika_Harold/Erika_Harold_0002.jpg,0
./lfw/Colin_Phillips/Colin_Phillips_0001.jpg,0
./lfw/Anil_Ramsook/Anil_Ramsook_0001.jpg,1
./lfw/Mohammed_Mehdi_Saleh/Mohammed_Mehdi_Saleh_0001.jpg,0
./lfw/Ludivine_Sagnier/Ludivine_Sagnier_0005.jpg,0
./lfw/George_W_Bush/George_W_Bush_0518.jpg,0
./lfw/Tina_Fey/Tina_Fey_0001.jpg,1
./lfw/Tracee_Ellis_Ross/Tracee_Ellis_Ross_0001.jpg,0
./lfw/Recep_Tayyip_Erdogan/Recep_Tayyip_Erdogan_0001.jpg,0
./lfw/Jiri_Novak/Jiri_Novak_0004.jpg,0
./lfw/Rod_Stewart/Rod_Stewart_0001.jpg,0
./lfw/Hamid_Karzai/Hamid_Karzai_0021.jpg,0
./lfw/George_W_Bush/George_W_Bush_0220.jpg,0
./lfw/Igor_Ivanov/Igor_Ivanov_0010.jpg,0
./lfw/Jimmy_Lee/Jimmy_Lee_0001.jpg,1
./lfw/Stanley_Nelson/Stanley_Nelson_0001.jpg,0
./lfw/Fidel_Castro_Daiz-Balart/Fidel_Castro_Daiz-Balart_0001.jpg,0
./lfw/Naomi_Watts/Naomi_Watts_0008.jpg,0
./lfw/Carrie-Anne_Moss/Carrie-Anne_Moss_0002.jpg,0
./lfw/Jelena_Dokic/Jelena_Dokic_0003.jpg,0
./lfw/George_W_Bush/George_W_Bush_0344.jpg,0
./lfw/Fidel_Castro/Fidel_Castro_0008.jpg,0
./lfw/Kiki_Vandeweghe/Kiki_Vandeweghe_0001.jpg,0
./lfw/Tim_Henman/Tim_Henman_0002.jpg,0
./lfw/Joe_Strummer/Joe_Strummer_0001.jpg,0
./lfw/Laura_Bozzo/Laura_Bozzo_0001.jpg,0
./lfw/Hank_McKinnell/Hank_McKinnell_0001.jpg,0
./lfw/Yasar_Yakis/Yasar_Yakis_0002.jpg,0
./lfw/Jason_Bentley/Jason_Bentley_0001.jpg,0
./lfw/Azra_Akin/Azra_Akin_0001.jpg,0
./lfw/Ariel_Sharon/Ariel_Sharon_0029.jpg,0
./lfw/Lance_Armstrong/Lance_Armstrong_0006.jpg,0
./lfw/Hamid_Karzai/Hamid_Karzai_0022.jpg,0
./lfw/Marcelo_Rios/Marcelo_Rios_0004.jpg,0
./lfw/Natasha_McElhone/Natasha_McElhone_0002.jpg,0
./lfw/Yannos_Papantoniou/Yannos_Papantoniou_0001.jpg,0
./lfw/Jose_Manuel_Durao_Barroso/Jose_Manuel_Durao_Barroso_0006.jpg,0
./lfw/Bonnie_Fuller/Bonnie_Fuller_0001.jpg,0
./lfw/Gil_Cates/Gil_Cates_0001.jpg,1
./lfw/John_Ashcroft/John_Ashcroft_0027.jpg,0
./lfw/Jacques_Chirac/Jacques_Chirac_0049.jpg,0
./lfw/Alexandra_Stevenson/Alexandra_Stevenson_0002.jpg,0
./lfw/David_Tornberg/David_Tornberg_0001.jpg,0
./lfw/Serena_Williams/Serena_Williams_0040.jpg,0
./lfw/Garry_Kasparov/Garry_Kasparov_0001.jpg,0
./lfw/Carlos_Ghosn/Carlos_Ghosn_0001.jpg,0
./lfw/John_Manley/John_Manley_0001.jpg,0
./lfw/Luiz_Inacio_Lula_da_Silva/Luiz_Inacio_Lula_da_Silva_0024.jpg,0
./lfw/Ben_Braun/Ben_Braun_0001.jpg,0
./lfw/Khin_Nyunt/Khin_Nyunt_0001.jpg,1
./lfw/John_Kerry/John_Kerry_0002.jpg,0
./lfw/Venus_Williams/Venus_Williams_0013.jpg,0
./lfw/Yao_Ming/Yao_Ming_0004.jpg,0
./lfw/Larry_Bowa/Larry_Bowa_0002.jpg,0
./lfw/George_W_Bush/George_W_Bush_0421.jpg,0
./lfw/Rudolph_Giuliani/Rudolph_Giuliani_0019.jpg,0
./lfw/Denzel_Washington/Denzel_Washington_0003.jpg,0
./lfw/Jean-Claude_Juncker/Jean-Claude_Juncker_0001.jpg,1
./lfw/Condoleezza_Rice/Condoleezza_Rice_0005.jpg,0
./lfw/Trent_Lott/Trent_Lott_0013.jpg,1
./lfw/Patti_Labelle/Patti_Labelle_0002.jpg,0
./lfw/Mary_Steenburgen/Mary_Steenburgen_0003.jpg,0
./lfw/Andy_Lau/Andy_Lau_0001.jpg,0
./lfw/Kim_Clijsters/Kim_Clijsters_0014.jpg,0
./lfw/Joanne_Woodward/Joanne_Woodward_0001.jpg,0
./lfw/Michael_Jackson/Michael_Jackson_0008.jpg,0
./lfw/Hans_Blix/Hans_Blix_0007.jpg,1
./lfw/Fatma_Kusibeh/Fatma_Kusibeh_0001.jpg,0
./lfw/Trevor_McDonald/Trevor_McDonald_0001.jpg,1
./lfw/Gerhard_Schroeder/Gerhard_Schroeder_0109.jpg,0
./lfw/Mario_Gallegos/Mario_Gallegos_0001.jpg,1
./lfw/Leonid_Kuchma/Leonid_Kuchma_0004.jpg,0
./lfw/Herman_Moore/Herman_Moore_0001.jpg,0
./lfw/Robert_Lee_Yates_Jr/Robert_Lee_Yates_Jr_0001.jpg,0
./lfw/Colin_Montgomerie/Colin_Montgomerie_0001.jpg,0
./lfw/Leonard_Hamilton/Leonard_Hamilton_0002.jpg,0
./lfw/Dudley_Rogers/Dudley_Rogers_0001.jpg,0
./lfw/George_W_Bush/George_W_Bush_0419.jpg,0
./lfw/Larry_Anderson/Larry_Anderson_0001.jpg,1
./lfw/Frank_Beamer/Frank_Beamer_0001.jpg,0
./lfw/Habib_Rizieq/Habib_Rizieq_0003.jpg,1
./lfw/James_Blake/James_Blake_0007.jpg,0
./lfw/Gerhard_Schroeder/Gerhard_Schroeder_0028.jpg,0
./lfw/Graciano_Rocchigiani/Graciano_Rocchigiani_0001.jpg,0
./lfw/Bernard_Ebbers/Bernard_Ebbers_0001.jpg,0
./lfw/Guillermo_Coria/Guillermo_Coria_0027.jpg,0
./lfw/Drew_Barrymore/Drew_Barrymore_0001.jpg,0
./lfw/Jacques_Chirac/Jacques_Chirac_0009.jpg,0
./lfw/Alejandro_Toledo/Alejandro_Toledo_0002.jpg,0
./lfw/Jimmy_Szymanski/Jimmy_Szymanski_0001.jpg,0
./lfw/Cruz_Bustamante/Cruz_Bustamante_0003.jpg,1
./lfw/George_HW_Bush/George_HW_Bush_0003.jpg,0
./lfw/Naji_Sabri/Naji_Sabri_0003.jpg,1
./lfw/Annette_Lu/Annette_Lu_0001.jpg,1
./lfw/George_Clooney/George_Clooney_0002.jpg,0
./lfw/Anibal_Ibarra/Anibal_Ibarra_0001.jpg,0
./lfw/Wolfgang_Schuessel/Wolfgang_Schuessel_0004.jpg,1
./lfw/Jennifer_Garner/Jennifer_Garner_0011.jpg,0
./lfw/Mitch_Kupchak/Mitch_Kupchak_0001.jpg,0
./lfw/Judith_Nathan/Judith_Nathan_0001.jpg,0
./lfw/Albert_Pujols/Albert_Pujols_0001.jpg,0
./lfw/Syed_Abdul_Rahman_Geelani/Syed_Abdul_Rahman_Geelani_0001.jpg,1
./lfw/Edward_Lu/Edward_Lu_0003.jpg,0
./lfw/Hans_Blix/Hans_Blix_0034.jpg,1
./lfw/George_W_Bush/George_W_Bush_0259.jpg,0
./lfw/Martha_Burk/Martha_Burk_0002.jpg,0
./lfw/Howard_Dean/Howard_Dean_0003.jpg,0
./lfw/Hashan_Tillakaratne/Hashan_Tillakaratne_0001.jpg,1
./lfw/Leandro_Garcia/Leandro_Garcia_0001.jpg,0
./lfw/Jacques_Chirac/Jacques_Chirac_0003.jpg,0
./lfw/Junichiro_Koizumi/Junichiro_Koizumi_0026.jpg,0
./lfw/George_W_Bush/George_W_Bush_0076.jpg,0
./lfw/Igor_Ivanov/Igor_Ivanov_0002.jpg,0
./lfw/Gary_Carter/Gary_Carter_0001.jpg,0
./lfw/Patty_Schnyder/Patty_Schnyder_0003.jpg,0
./lfw/Paula_Zahn/Paula_Zahn_0002.jpg,0
./lfw/Roger_Federer/Roger_Federer_0008.jpg,0
./lfw/George_W_Bush/George_W_Bush_0244.jpg,0
./lfw/John_Negroponte/John_Negroponte_0014.jpg,0
./lfw/Chandrika_Kumaratunga/Chandrika_Kumaratunga_0001.jpg,0
./lfw/Jessica_Brungo/Jessica_Brungo_0001.jpg,0
./lfw/Chita_Rivera/Chita_Rivera_0002.jpg,0
./lfw/Lucio_Stanca/Lucio_Stanca_0001.jpg,0
./lfw/Ralph_Friedgen/Ralph_Friedgen_0001.jpg,0
./lfw/Takeo_Fukui/Takeo_Fukui_0001.jpg,0
./lfw/Milt_Palacio/Milt_Palacio_0001.jpg,0
./lfw/Kirsten_Dunst/Kirsten_Dunst_0001.jpg,0
./lfw/Mike_Babcock/Mike_Babcock_0002.jpg,0
./lfw/Carson_Palmer/Carson_Palmer_0002.jpg,0
./lfw/Tino_Martinez/Tino_Martinez_0001.jpg,0
./lfw/Eglis_Yaima_Cruz/Eglis_Yaima_Cruz_0001.jpg,0
./lfw/Chip_Burrus/Chip_Burrus_0001.jpg,0
./lfw/Recep_Tayyip_Erdogan/Recep_Tayyip_Erdogan_0024.jpg,0
./lfw/Jose_Carreras/Jose_Carreras_0001.jpg,0
./lfw/Luis_Horna/Luis_Horna_0005.jpg,0
./lfw/Darlene_Garrettson/Darlene_Garrettson_0001.jpg,0
./lfw/Jose_Serra/Jose_Serra_0009.jpg,0
./lfw/Chuck_Finley/Chuck_Finley_0001.jpg,0
./lfw/Colin_Montgomerie/Colin_Montgomerie_0002.jpg,0
./lfw/Eduard_Shevardnadze/Eduard_Shevardnadze_0001.jpg,0
./lfw/Arnoldo_Aleman/Arnoldo_Aleman_0003.jpg,1
./lfw/Irene_Kahn/Irene_Kahn_0001.jpg,0
./lfw/Zurab_Tsereteli/Zurab_Tsereteli_0001.jpg,0
./lfw/John_Kerry/John_Kerry_0003.jpg,0
./lfw/Hassan_Wirajuda/Hassan_Wirajuda_0001.jpg,1
./lfw/Marcella_Anderson/Marcella_Anderson_0001.jpg,1
./lfw/Wu_Yi/Wu_Yi_0003.jpg,1
./lfw/George_W_Bush/George_W_Bush_0025.jpg,0
./lfw/Patrick_Coleman/Patrick_Coleman_0001.jpg,0
./lfw/Paula_Radcliffe/Paula_Radcliffe_0004.jpg,1
./lfw/Junichiro_Koizumi/Junichiro_Koizumi_0050.jpg,0
./lfw/Paul_Burrell/Paul_Burrell_0002.jpg,0
./lfw/Mahmoud_Abbas/Mahmoud_Abbas_0004.jpg,1
./lfw/Pedro_Almodovar/Pedro_Almodovar_0004.jpg,0
./lfw/Gordon_Brown/Gordon_Brown_0010.jpg,0
./lfw/Luiz_Inacio_Lula_da_Silva/Luiz_Inacio_Lula_da_Silva_0021.jpg,0
./lfw/Lutz_Freitag/Lutz_Freitag_0001.jpg,1
./lfw/Jacques_Chirac/Jacques_Chirac_0044.jpg,0
./lfw/Alexander_Downer/Alexander_Downer_0004.jpg,1
./lfw/Colin_Powell/Colin_Powell_0025.jpg,1
./lfw/Shirley_Jones/Shirley_Jones_0001.jpg,0
./lfw/Recep_Tayyip_Erdogan/Recep_Tayyip_Erdogan_0022.jpg,0
./lfw/Michael_Weiss/Michael_Weiss_0001.jpg,0
./lfw/Robert_Zoellick/Robert_Zoellick_0003.jpg,1
./lfw/Jose_Acasuso/Jose_Acasuso_0001.jpg,0
./lfw/Yoriko_Kawaguchi/Yoriko_Kawaguchi_0005.jpg,1
./lfw/Donatella_Versace/Donatella_Versace_0001.jpg,0
./lfw/Steven_Curtis_Chapman/Steven_Curtis_Chapman_0001.jpg,0
./lfw/Michalis_Chrisohoides/Michalis_Chrisohoides_0001.jpg,0
./lfw/Ian_Thorpe/Ian_Thorpe_0004.jpg,0
./lfw/Oxana_Fedorova/Oxana_Fedorova_0004.jpg,0
./lfw/Clint_Eastwood/Clint_Eastwood_0002.jpg,0
./lfw/Lleyton_Hewitt/Lleyton_Hewitt_0033.jpg,0
./lfw/Vince_Dooley/Vince_Dooley_0001.jpg,1
./lfw/Rudolph_Giuliani/Rudolph_Giuliani_0002.jpg,1
./lfw/Emily_Mortimer/Emily_Mortimer_0001.jpg,0
./lfw/Laura_Bush/Laura_Bush_0014.jpg,0
./lfw/Jim_Wessling/Jim_Wessling_0001.jpg,0
./lfw/Jean-David_Levitte/Jean-David_Levitte_0004.jpg,1
./lfw/Harbhajan_Singh/Harbhajan_Singh_0002.jpg,0
./lfw/Kemal_Dervis/Kemal_Dervis_0001.jpg,0
./lfw/Tang_Jiaxuan/Tang_Jiaxuan_0002.jpg,1
./lfw/Ann_Godbehere/Ann_Godbehere_0001.jpg,0
./lfw/Janusz_Kaminski/Janusz_Kaminski_0001.jpg,1
./lfw/Tom_Ridge/Tom_Ridge_0011.jpg,0
./lfw/Frank_Griswold/Frank_Griswold_0002.jpg,1
./lfw/Parthiv_Patel/Parthiv_Patel_0001.jpg,0
./lfw/Isabel_Orellana/Isabel_Orellana_0001.jpg,0
./lfw/Mohammed_Abu_Sharia/Mohammed_Abu_Sharia_0001.jpg,0
./lfw/Sananda_Maitreya/Sananda_Maitreya_0001.jpg,0
./lfw/Vladimir_Putin/Vladimir_Putin_0027.jpg,0
./lfw/Aron_Ralston/Aron_Ralston_0002.jpg,0
./lfw/Amelie_Mauresmo/Amelie_Mauresmo_0020.jpg,0
./lfw/Suzanne_Torrance/Suzanne_Torrance_0001.jpg,1
./lfw/Carlos_Menem/Carlos_Menem_0020.jpg,0
./lfw/Xavier_Malisse/Xavier_Malisse_0004.jpg,0
./lfw/Jean-Claude_Trichet/Jean-Claude_Trichet_0002.jpg,0
./lfw/Alvaro_Silva_Calderon/Alvaro_Silva_Calderon_0003.jpg,1
./lfw/John_Swofford/John_Swofford_0001.jpg,0
./lfw/Venus_Williams/Venus_Williams_0011.jpg,0
./lfw/Meirion_Evans/Meirion_Evans_0001.jpg,1
./lfw/Farouk_al-Sharaa/Farouk_al-Sharaa_0001.jpg,1
./lfw/Andre_Agassi/Andre_Agassi_0035.jpg,0
./lfw/Clare_Short/Clare_Short_0003.jpg,0
./lfw/Tim_Jones/Tim_Jones_0001.jpg,0
./lfw/Nancy_Sinatra/Nancy_Sinatra_0002.jpg,0
./lfw/Earl_Scruggs/Earl_Scruggs_0001.jpg,0
./lfw/Alejandro_Toledo/Alejandro_Toledo_0007.jpg,0
./lfw/Colin_Powell/Colin_Powell_0042.jpg,1
./lfw/Igor_Trunov/Igor_Trunov_0001.jpg,0
./lfw/George_W_Bush/George_W_Bush_0008.jpg,0
./lfw/Rita_Moreno/Rita_Moreno_0001.jpg,0
./lfw/Suzanne_Haik_Terrell/Suzanne_Haik_Terrell_0001.jpg,0
./lfw/Shaukat_Aziz/Shaukat_Aziz_0002.jpg,0
./lfw/Hunter_Kemper/Hunter_Kemper_0001.jpg,0
./lfw/Sebastian_Saja/Sebastian_Saja_0001.jpg,0
./lfw/Dwayne_Williams/Dwayne_Williams_0001.jpg,0
./lfw/Manuel_Jesus/Manuel_Jesus_0001.jpg,0
./lfw/Gary_Forsee/Gary_Forsee_0002.jpg,0
./lfw/Francis_Crick/Francis_Crick_0001.jpg,0
./lfw/Jacques_Chirac/Jacques_Chirac_0035.jpg,0
./lfw/Frank_Hilldrup/Frank_Hilldrup_0001.jpg,0
./lfw/Gerhard_Schroeder/Gerhard_Schroeder_0091.jpg,0
./lfw/Vicente_Fox/Vicente_Fox_0021.jpg,0
./lfw/Natalia_Dmitrieva/Natalia_Dmitrieva_0001.jpg,0
./lfw/Mike_Myers/Mike_Myers_0005.jpg,0
./lfw/Daniel_Zelman/Daniel_Zelman_0001.jpg,0
./lfw/Dana_Vollmer/Dana_Vollmer_0001.jpg,0
./lfw/Colin_Powell/Colin_Powell_0154.jpg,1
./lfw/Gordon_Brown/Gordon_Brown_0005.jpg,0
./lfw/Lucy_Liu/Lucy_Liu_0004.jpg,0
./lfw/Raul_Rivero/Raul_Rivero_0001.jpg,1
./lfw/Ruth_Pearce/Ruth_Pearce_0001.jpg,0
./lfw/Donald_Rumsfeld/Donald_Rumsfeld_0050.jpg,1
./lfw/Linda_Franklin/Linda_Franklin_0001.jpg,0
./lfw/George_W_Bush/George_W_Bush_0474.jpg,0
./lfw/Alvaro_Uribe/Alvaro_Uribe_0032.jpg,1
./lfw/Katerina_Smrzova/Katerina_Smrzova_0001.jpg,0
./lfw/Vladimir_Putin/Vladimir_Putin_0002.jpg,0
./lfw/Katja_Riemann/Katja_Riemann_0001.jpg,0
./lfw/Michelle_Yeoh/Michelle_Yeoh_0003.jpg,0
./lfw/Joe_Gatti/Joe_Gatti_0001.jpg,0
./lfw/George_HW_Bush/George_HW_Bush_0004.jpg,0
./lfw/Richard_Myers/Richard_Myers_0003.jpg,0
./lfw/Tina_Pisnik/Tina_Pisnik_0001.jpg,0
./lfw/Daisy_Fuentes/Daisy_Fuentes_0003.jpg,0
./lfw/Nicolas_Macrozonaris/Nicolas_Macrozonaris_0001.jpg,0
./lfw/Colin_Powell/Colin_Powell_0171.jpg,0
./lfw/Joe_Calzaghe/Joe_Calzaghe_0002.jpg,0
./lfw/Arnold_Schwarzenegger/Arnold_Schwarzenegger_0004.jpg,0
./lfw/Andrei_Mikhnevich/Andrei_Mikhnevich_0001.jpg,0
./lfw/Meryl_Streep/Meryl_Streep_0013.jpg,0
./lfw/Milo_Maestrecampo/Milo_Maestrecampo_0002.jpg,0
./lfw/Betsy_Smith/Betsy_Smith_0002.jpg,0
./lfw/Mian_Khursheed_Mehmood_Kasuri/Mian_Khursheed_Mehmood_Kasuri_0003.jpg,1
./lfw/Fred_Thompson/Fred_Thompson_0003.jpg,0
./lfw/Victoria_Clarke/Victoria_Clarke_0005.jpg,0
./lfw/Julie_Gerberding/Julie_Gerberding_0015.jpg,0
./lfw/Juan_Manuel_Marquez/Juan_Manuel_Marquez_0001.jpg,0
./lfw/Gordon_Brown/Gordon_Brown_0012.jpg,0
./lfw/Paul_Johnson/Paul_Johnson_0001.jpg,0
./lfw/Elizabeth_Hurley/Elizabeth_Hurley_0003.jpg,0
./lfw/Dick_Clark/Dick_Clark_0003.jpg,0
./lfw/Mikhail_Gorbachev/Mikhail_Gorbachev_0001.jpg,0
./lfw/David_Beckham/David_Beckham_0029.jpg,0
./lfw/Jackie_Sherrill/Jackie_Sherrill_0001.jpg,0
./lfw/Tommy_Haas/Tommy_Haas_0006.jpg,0
./lfw/Joe_Lieberman/Joe_Lieberman_0012.jpg,0
./lfw/Saddam_Hussein/Saddam_Hussein_0018.jpg,1
./lfw/Ivo_Dubs/Ivo_Dubs_0001.jpg,0
./lfw/Pete_Sampras/Pete_Sampras_0006.jpg,0
./lfw/Chris_Byrd/Chris_Byrd_0001.jpg,0
./lfw/Billy_Edelin/Billy_Edelin_0001.jpg,0
./lfw/Venus_Williams/Venus_Williams_0005.jpg,0
./lfw/Yao_Ming/Yao_Ming_0007.jpg,0
./lfw/Michael_J_Sheehan/Michael_J_Sheehan_0001.jpg,1
./lfw/Fernando_Gonzalez/Fernando_Gonzalez_0002.jpg,0
./lfw/Igor_Ivanov/Igor_Ivanov_0018.jpg,0
./lfw/Mohammaed_Ahmad_Al_Jarallah/Mohammaed_Ahmad_Al_Jarallah_0001.jpg,0
./lfw/Chanda_Rubin/Chanda_Rubin_0005.jpg,0
./lfw/Donna_Shalala/Donna_Shalala_0001.jpg,0
./lfw/Isabella_Rossellini/Isabella_Rossellini_0003.jpg,0
./lfw/Tiger_Woods/Tiger_Woods_0015.jpg,0
./lfw/Angelina_Jolie/Angelina_Jolie_0012.jpg,0
./lfw/Tom_Ridge/Tom_Ridge_0022.jpg,0
./lfw/George_W_Bush/George_W_Bush_0303.jpg,0
./lfw/Hisashi_Owada/Hisashi_Owada_0001.jpg,1
./lfw/Tim_Allen/Tim_Allen_0001.jpg,0
./lfw/Jose_Manuel_Durao_Barroso/Jose_Manuel_Durao_Barroso_0005.jpg,0
./lfw/Gray_Davis/Gray_Davis_0010.jpg,0
./lfw/George_W_Bush/George_W_Bush_0107.jpg,0
./lfw/Tung_Chee-hwa/Tung_Chee-hwa_0005.jpg,0
./lfw/Jesse_Jackson/Jesse_Jackson_0005.jpg,0
./lfw/Gwendal_Peizerat/Gwendal_Peizerat_0001.jpg,0
./lfw/Judy_Dean/Judy_Dean_0001.jpg,1
./lfw/Michael_Shelby/Michael_Shelby_0001.jpg,0
./lfw/Albert_Costa/Albert_Costa_0004.jpg,0
./lfw/Mike_Alden/Mike_Alden_0001.jpg,1
./lfw/John_McEnroe/John_McEnroe_0002.jpg,0
./lfw/James_Coburn/James_Coburn_0001.jpg,0
./lfw/Peter_Caruana/Peter_Caruana_0001.jpg,1
./lfw/Colin_Powell/Colin_Powell_0069.jpg,1
./lfw/Lino_Oviedo/Lino_Oviedo_0001.jpg,0
./lfw/Jacques_Chirac/Jacques_Chirac_0043.jpg,0
./lfw/King_Abdullah_II/King_Abdullah_II_0003.jpg,0
./lfw/Zdravko_Mucic/Zdravko_Mucic_0001.jpg,0
./lfw/Norodom_Sihanouk/Norodom_Sihanouk_0003.jpg,0
./lfw/Recep_Tayyip_Erdogan/Recep_Tayyip_Erdogan_0020.jpg,0
./lfw/Ruano_Pascual/Ruano_Pascual_0001.jpg,0
./lfw/Li_Zhaoxing/Li_Zhaoxing_0006.jpg,0
./lfw/Giuseppe_Gibilisco/Giuseppe_Gibilisco_0003.jpg,0
./lfw/Colin_Powell/Colin_Powell_0181.jpg,1
./lfw/Neil_Goldman/Neil_Goldman_0001.jpg,0
./lfw/Val_Ackerman/Val_Ackerman_0001.jpg,0
./lfw/Aaron_Pena/Aaron_Pena_0001.jpg,0
./lfw/Harrison_Ford/Harrison_Ford_0005.jpg,0
./lfw/Ariel_Sharon/Ariel_Sharon_0013.jpg,0
./lfw/Vince_Carter/Vince_Carter_0001.jpg,0
./lfw/Frank_Cassell/Frank_Cassell_0002.jpg,0
./lfw/Queen_Elizabeth_II/Queen_Elizabeth_II_0009.jpg,0
./lfw/Ion_Tiriac/Ion_Tiriac_0001.jpg,1
./lfw/Arnold_Schwarzenegger/Arnold_Schwarzenegger_0014.jpg,0
./lfw/Venus_Williams/Venus_Williams_0009.jpg,0
./lfw/Felix_Sanchez/Felix_Sanchez_0001.jpg,0
./lfw/Kaio_Almeida/Kaio_Almeida_0001.jpg,0
./lfw/Franklin_Brown/Franklin_Brown_0001.jpg,0
./lfw/Jose_Manuel_Durao_Barroso/Jose_Manuel_Durao_Barroso_0003.jpg,0
./lfw/Daniel_Coats/Daniel_Coats_0001.jpg,0
./lfw/Heidi_Klum/Heidi_Klum_0004.jpg,0
./lfw/Hamid_Karzai/Hamid_Karzai_0007.jpg,0
./lfw/Peter_Struck/Peter_Struck_0003.jpg,1
./lfw/Thomas_Malchow/Thomas_Malchow_0002.jpg,0
./lfw/Elisabeth_Schumacher/Elisabeth_Schumacher_0001.jpg,0
./lfw/Colin_Powell/Colin_Powell_0227.jpg,0
./lfw/Geno_Auriemma/Geno_Auriemma_0001.jpg,1
./lfw/Spencer_Abraham/Spencer_Abraham_0017.jpg,0
./lfw/Herb_Sendek/Herb_Sendek_0003.jpg,0
./lfw/Michael_Schumacher/Michael_Schumacher_0007.jpg,0
./lfw/Judy_Spreckels/Judy_Spreckels_0001.jpg,0
./lfw/Colin_Powell/Colin_Powell_0187.jpg,1
./lfw/John_Manley/John_Manley_0002.jpg,0
./lfw/Bijan_Darvish/Bijan_Darvish_0001.jpg,0
./lfw/Paul_ONeill/Paul_ONeill_0002.jpg,1
./lfw/David_Kelly/David_Kelly_0001.jpg,1
./lfw/Emmanuelle_Jagodsinski/Emmanuelle_Jagodsinski_0001.jpg,0
./lfw/Dan_Bartlett/Dan_Bartlett_0001.jpg,0
./lfw/Dan_Guerrero/Dan_Guerrero_0001.jpg,0
./lfw/Adrianna_Zuzic/Adrianna_Zuzic_0001.jpg,0
./lfw/Candice_Bergen/Candice_Bergen_0001.jpg,1
./lfw/Fernando_Velardez/Fernando_Velardez_0001.jpg,0
./lfw/Jacques_Chirac/Jacques_Chirac_0042.jpg,0
./lfw/Joseph_Deiss/Joseph_Deiss_0001.jpg,1
./lfw/Tom_OBrien/Tom_OBrien_0001.jpg,0
./lfw/Afton_Smith/Afton_Smith_0001.jpg,0
./lfw/Gerard_Tronche/Gerard_Tronche_0001.jpg,1
./lfw/Danny_Avalon/Danny_Avalon_0001.jpg,1
./lfw/Gael_Garcia_Bermal/Gael_Garcia_Bermal_0001.jpg,0
./lfw/Alex_Corretja/Alex_Corretja_0001.jpg,0
./lfw/Tom_McClintock/Tom_McClintock_0001.jpg,0
./lfw/Nicolas_Latorre/Nicolas_Latorre_0001.jpg,0
./lfw/Ashley_Judd/Ashley_Judd_0001.jpg,0
./lfw/Silvio_Berlusconi/Silvio_Berlusconi_0007.jpg,0
./lfw/Gerhard_Schroeder/Gerhard_Schroeder_0015.jpg,0
./lfw/Zhang_Ziyi/Zhang_Ziyi_0003.jpg,0
./lfw/Xiang_Huaicheng/Xiang_Huaicheng_0001.jpg,1
./lfw/Serena_Williams/Serena_Williams_0033.jpg,0
./lfw/Jacques_Chirac/Jacques_Chirac_0023.jpg,0
./lfw/Lisa_Marie_Presley/Lisa_Marie_Presley_0003.jpg,0
./lfw/Venus_Williams/Venus_Williams_0001.jpg,0
./lfw/Lesley_Coppin/Lesley_Coppin_0001.jpg,1
./lfw/Tracy_Wyle/Tracy_Wyle_0001.jpg,0
./lfw/Colin_Powell/Colin_Powell_0161.jpg,1
./lfw/George_W_Bush/George_W_Bush_0283.jpg,1
./lfw/Matt_Morris/Matt_Morris_0001.jpg,0
./lfw/Kim_Yun-kyu/Kim_Yun-kyu_0001.jpg,0
./lfw/German_Khan/German_Khan_0001.jpg,0
./lfw/Dragan_Covic/Dragan_Covic_0001.jpg,0
./lfw/Jeff_Hornacek/Jeff_Hornacek_0001.jpg,0
./lfw/Sureyya_Ayhan/Sureyya_Ayhan_0001.jpg,0
./lfw/Deb_Santos/Deb_Santos_0001.jpg,0
./lfw/Bob_Newhart/Bob_Newhart_0001.jpg,0
./lfw/Paul_McNulty/Paul_McNulty_0002.jpg,0
./lfw/Paul_McNulty/Paul_McNulty_0001.jpg,0
./lfw/Jimmy_Iovine/Jimmy_Iovine_0001.jpg,1
./lfw/Claudia_Pechstein/Claudia_Pechstein_0001.jpg,0
./lfw/Claudia_Pechstein/Claudia_Pechstein_0003.jpg,1
./lfw/Claudia_Pechstein/Claudia_Pechstein_0002.jpg,0
./lfw/Claudia_Pechstein/Claudia_Pechstein_0005.jpg,1
./lfw/Claudia_Pechstein/Claudia_Pechstein_0004.jpg,0
./lfw/Ranil_Wickremasinghe/Ranil_Wickremasinghe_0002.jpg,0
./lfw/Ranil_Wickremasinghe/Ranil_Wickremasinghe_0003.jpg,1
./lfw/Ranil_Wickremasinghe/Ranil_Wickremasinghe_0001.jpg,0
./lfw/Ben_Chandler/Ben_Chandler_0001.jpg,0
./lfw/Rand_Beers/Rand_Beers_0001.jpg,0
./lfw/John_Bond/John_Bond_0001.jpg,1
./lfw/Reginald_Hudlin/Reginald_Hudlin_0001.jpg,0
./lfw/Lee_Baca/Lee_Baca_0001.jpg,0
./lfw/Mary-Kate_Olsen/Mary-Kate_Olsen_0002.jpg,0
./lfw/Mary-Kate_Olsen/Mary-Kate_Olsen_0003.jpg,0
./lfw/Mary-Kate_Olsen/Mary-Kate_Olsen_0001.jpg,0
./lfw/Emily_Stevens/Emily_Stevens_0001.jpg,0
./lfw/Phil_Mickelson/Phil_Mickelson_0002.jpg,0
./lfw/Phil_Mickelson/Phil_Mickelson_0001.jpg,0
./lfw/Gerry_Kelly/Gerry_Kelly_0001.jpg,1
./lfw/Salma_Hayek/Salma_Hayek_0012.jpg,0
./lfw/Salma_Hayek/Salma_Hayek_0006.jpg,0
./lfw/Salma_Hayek/Salma_Hayek_0007.jpg,0
./lfw/Salma_Hayek/Salma_Hayek_0013.jpg,0
./lfw/Salma_Hayek/Salma_Hayek_0005.jpg,0
./lfw/Salma_Hayek/Salma_Hayek_0011.jpg,0
./lfw/Salma_Hayek/Salma_Hayek_0010.jpg,0
./lfw/Salma_Hayek/Salma_Hayek_0004.jpg,0
./lfw/Salma_Hayek/Salma_Hayek_0001.jpg,0
./lfw/Salma_Hayek/Salma_Hayek_0003.jpg,0
./lfw/Salma_Hayek/Salma_Hayek_0002.jpg,0
./lfw/Salma_Hayek/Salma_Hayek_0009.jpg,0
./lfw/Salma_Hayek/Salma_Hayek_0008.jpg,0
./lfw/Jim_Edmonds/Jim_Edmonds_0001.jpg,0
./lfw/Jim_Edmonds/Jim_Edmonds_0002.jpg,0
./lfw/Martina_McBride/Martina_McBride_0003.jpg,0
./lfw/Martina_McBride/Martina_McBride_0002.jpg,0
./lfw/Martina_McBride/Martina_McBride_0001.jpg,0
./lfw/Martina_McBride/Martina_McBride_0005.jpg,0
./lfw/Martina_McBride/Martina_McBride_0004.jpg,0
./lfw/Anthony_Pico/Anthony_Pico_0001.jpg,1
./lfw/Jose_Theodore/Jose_Theodore_0002.jpg,0
./lfw/Jose_Theodore/Jose_Theodore_0001.jpg,0
./lfw/Heidi_Fleiss/Heidi_Fleiss_0003.jpg,0
./lfw/Heidi_Fleiss/Heidi_Fleiss_0001.jpg,0
./lfw/Heidi_Fleiss/Heidi_Fleiss_0004.jpg,1
./lfw/Mark_Richt/Mark_Richt_0001.jpg,0
./lfw/Mark_Richt/Mark_Richt_0003.jpg,0
./lfw/Mark_Richt/Mark_Richt_0002.jpg,0
./lfw/Mike_Smith/Mike_Smith_0001.jpg,0
./lfw/Paul_ONeill/Paul_ONeill_0008.jpg,1
./lfw/Paul_ONeill/Paul_ONeill_0009.jpg,1
./lfw/Paul_ONeill/Paul_ONeill_0003.jpg,1
./lfw/Paul_ONeill/Paul_ONeill_0004.jpg,1
./lfw/Paul_ONeill/Paul_ONeill_0005.jpg,1
./lfw/Paul_ONeill/Paul_ONeill_0007.jpg,1
./lfw/Paul_ONeill/Paul_ONeill_0006.jpg,1
./lfw/Horace_Newcomb/Horace_Newcomb_0001.jpg,1
./lfw/Mohammad_Fares/Mohammad_Fares_0001.jpg,0
./lfw/JK_Rowling/JK_Rowling_0004.jpg,0
./lfw/JK_Rowling/JK_Rowling_0005.jpg,0
./lfw/JK_Rowling/JK_Rowling_0006.jpg,0
./lfw/JK_Rowling/JK_Rowling_0002.jpg,0
./lfw/JK_Rowling/JK_Rowling_0003.jpg,0
./lfw/JK_Rowling/JK_Rowling_0001.jpg,0
./lfw/Shinya_Taniguchi/Shinya_Taniguchi_0001.jpg,0
./lfw/Tony_Curtis/Tony_Curtis_0002.jpg,0
./lfw/Tony_Curtis/Tony_Curtis_0001.jpg,0
./lfw/Laurie_Pirtle/Laurie_Pirtle_0001.jpg,0
./lfw/Angel_Maza/Angel_Maza_0001.jpg,0
./lfw/Ray_Sherman/Ray_Sherman_0001.jpg,0
./lfw/Nancy_Powell/Nancy_Powell_0001.jpg,0
./lfw/Kathryn_Tucker/Kathryn_Tucker_0001.jpg,0
./lfw/Gro_Harlem_Brundtland/Gro_Harlem_Brundtland_0002.jpg,0
./lfw/Gro_Harlem_Brundtland/Gro_Harlem_Brundtland_0001.jpg,0
./lfw/Jacqueline_Marris/Jacqueline_Marris_0001.jpg,0
./lfw/Mikhail_Gorbachev/Mikhail_Gorbachev_0002.jpg,1
./lfw/Takuma_Sato/Takuma_Sato_0001.jpg,0
./lfw/Ray_Lewis/Ray_Lewis_0001.jpg,0
./lfw/Hank_Aaron/Hank_Aaron_0001.jpg,0
./lfw/Chip_Knight/Chip_Knight_0001.jpg,0
./lfw/Tracee_Treadwell/Tracee_Treadwell_0001.jpg,0
./lfw/Gustavo_Cisneros/Gustavo_Cisneros_0001.jpg,0
./lfw/Jack_Osbourne/Jack_Osbourne_0001.jpg,1
./lfw/Isidro_Pastor/Isidro_Pastor_0001.jpg,0
./lfw/Mike_Duke/Mike_Duke_0001.jpg,0
./lfw/Natalie_Williams/Natalie_Williams_0001.jpg,0
./lfw/Angela_Lansbury/Angela_Lansbury_0002.jpg,0
./lfw/Angela_Lansbury/Angela_Lansbury_0001.jpg,0
./lfw/Cathy_Freeman/Cathy_Freeman_0002.jpg,0
./lfw/Cathy_Freeman/Cathy_Freeman_0001.jpg,0
./lfw/Wilbert_Elki_Meza_Majino/Wilbert_Elki_Meza_Majino_0001.jpg,1
./lfw/Ekke_Hard_Forberg/Ekke_Hard_Forberg_0001.jpg,0
./lfw/Jack_Welch/Jack_Welch_0001.jpg,0
./lfw/Nizar_Trabelsi/Nizar_Trabelsi_0001.jpg,0
./lfw/Gonzalo_Barrientos/Gonzalo_Barrientos_0001.jpg,0
./lfw/Jason_Biggs/Jason_Biggs_0001.jpg,0
./lfw/Lisa_Leslie/Lisa_Leslie_0001.jpg,0
./lfw/Tayyeb_Abdel_Rahim/Tayyeb_Abdel_Rahim_0001.jpg,0
./lfw/Tyron_Garner/Tyron_Garner_0001.jpg,0
./lfw/Tyron_Garner/Tyron_Garner_0002.jpg,0
./lfw/John_Sidgmore/John_Sidgmore_0001.jpg,1
./lfw/Alexander_Payne/Alexander_Payne_0001.jpg,0
./lfw/Brad_Brownell/Brad_Brownell_0001.jpg,0
./lfw/John_Duprey/John_Duprey_0001.jpg,0
./lfw/Ainsworth_Dyer/Ainsworth_Dyer_0001.jpg,0
./lfw/Christine_Ebersole/Christine_Ebersole_0002.jpg,0
./lfw/Amer_al-Saadi/Amer_al-Saadi_0004.jpg,0
./lfw/Amer_al-Saadi/Amer_al-Saadi_0001.jpg,0
./lfw/Amer_al-Saadi/Amer_al-Saadi_0002.jpg,0
./lfw/Alison_Lohman/Alison_Lohman_0001.jpg,0
./lfw/Alison_Lohman/Alison_Lohman_0002.jpg,0
./lfw/Duane_Lee_Chapman/Duane_Lee_Chapman_0001.jpg,0
./lfw/Duane_Lee_Chapman/Duane_Lee_Chapman_0002.jpg,0
./lfw/Andre_Smith/Andre_Smith_0001.jpg,0
./lfw/Iban_Mayo/Iban_Mayo_0002.jpg,0
./lfw/Iban_Mayo/Iban_Mayo_0001.jpg,0
./lfw/Jeong_Se-hyun/Jeong_Se-hyun_0009.jpg,0
./lfw/Jeong_Se-hyun/Jeong_Se-hyun_0008.jpg,1
./lfw/Jeong_Se-hyun/Jeong_Se-hyun_0001.jpg,1
./lfw/Jeong_Se-hyun/Jeong_Se-hyun_0003.jpg,1
./lfw/Jeong_Se-hyun/Jeong_Se-hyun_0002.jpg,1
./lfw/Jeong_Se-hyun/Jeong_Se-hyun_0006.jpg,1
./lfw/Jeong_Se-hyun/Jeong_Se-hyun_0007.jpg,1
./lfw/Jeong_Se-hyun/Jeong_Se-hyun_0005.jpg,1
./lfw/Jeong_Se-hyun/Jeong_Se-hyun_0004.jpg,1
./lfw/Charles_Rogers/Charles_Rogers_0001.jpg,0
./lfw/Eric_Rosser/Eric_Rosser_0002.jpg,0
./lfw/Larry_Pleau/Larry_Pleau_0001.jpg,0
./lfw/Bill_Byrne/Bill_Byrne_0001.jpg,1
./lfw/Peter_Gabriel/Peter_Gabriel_0001.jpg,0
./lfw/Paul_LeClerc/Paul_LeClerc_0001.jpg,0
./lfw/Maria_Bello/Maria_Bello_0001.jpg,0
./lfw/Shawn_Kemp/Shawn_Kemp_0001.jpg,0
./lfw/Liza_Minnelli/Liza_Minnelli_0001.jpg,0
./lfw/Liza_Minnelli/Liza_Minnelli_0002.jpg,0
./lfw/Liza_Minnelli/Liza_Minnelli_0003.jpg,0
./lfw/Liza_Minnelli/Liza_Minnelli_0007.jpg,0
./lfw/Liza_Minnelli/Liza_Minnelli_0006.jpg,0
./lfw/Liza_Minnelli/Liza_Minnelli_0004.jpg,0
./lfw/Toby_Keith/Toby_Keith_0001.jpg,0
./lfw/Horace_Donovan_Reid/Horace_Donovan_Reid_0001.jpg,1
./lfw/David_Wells/David_Wells_0001.jpg,0
./lfw/David_Wells/David_Wells_0003.jpg,0
./lfw/David_Wells/David_Wells_0002.jpg,0
./lfw/David_Wells/David_Wells_0006.jpg,0
./lfw/David_Wells/David_Wells_0007.jpg,0
./lfw/David_Wells/David_Wells_0005.jpg,0
./lfw/David_Wells/David_Wells_0004.jpg,0
./lfw/Raul_Gonzalez/Raul_Gonzalez_0001.jpg,0
./lfw/Alex_Popov/Alex_Popov_0001.jpg,0
./lfw/Anne_Donovan/Anne_Donovan_0001.jpg,0
./lfw/Vin_Diesel/Vin_Diesel_0002.jpg,0
./lfw/Jesse_Jackson/Jesse_Jackson_0003.jpg,0
./lfw/Jesse_Jackson/Jesse_Jackson_0002.jpg,0
./lfw/Jesse_Jackson/Jesse_Jackson_0001.jpg,0
./lfw/Jesse_Jackson/Jesse_Jackson_0004.jpg,0
./lfw/Jesse_Jackson/Jesse_Jackson_0006.jpg,0
./lfw/Jesse_Jackson/Jesse_Jackson_0007.jpg,0
./lfw/Jesse_Jackson/Jesse_Jackson_0009.jpg,0
./lfw/Jesse_Jackson/Jesse_Jackson_0008.jpg,0
./lfw/Lynne_Cheney/Lynne_Cheney_0002.jpg,0
./lfw/Lynne_Cheney/Lynne_Cheney_0003.jpg,0
./lfw/Lynne_Cheney/Lynne_Cheney_0001.jpg,0
./lfw/Minnie_Mendoza/Minnie_Mendoza_0001.jpg,0
./lfw/Mark_Rosenbaum/Mark_Rosenbaum_0001.jpg,0
./lfw/Stephane_Rousseau/Stephane_Rousseau_0001.jpg,0
./lfw/Rita_Wilson/Rita_Wilson_0004.jpg,0
./lfw/Rita_Wilson/Rita_Wilson_0001.jpg,0
./lfw/Rita_Wilson/Rita_Wilson_0002.jpg,0
./lfw/Rita_Wilson/Rita_Wilson_0003.jpg,0
./lfw/Terence_Newman/Terence_Newman_0001.jpg,0
./lfw/Joseph_Biden/Joseph_Biden_0004.jpg,0
./lfw/Joseph_Biden/Joseph_Biden_0005.jpg,0
./lfw/Joseph_Biden/Joseph_Biden_0002.jpg,0
./lfw/Joseph_Biden/Joseph_Biden_0003.jpg,0
./lfw/Joseph_Biden/Joseph_Biden_0001.jpg,0
./lfw/Tommy_Tubberville/Tommy_Tubberville_0001.jpg,0
./lfw/Meles_Zenawi/Meles_Zenawi_0001.jpg,0
./lfw/Natasha_Henstridge/Natasha_Henstridge_0001.jpg,0
./lfw/Pat_Burns/Pat_Burns_0001.jpg,0
./lfw/Caroline_Link/Caroline_Link_0001.jpg,0
./lfw/Clay_Campbell/Clay_Campbell_0001.jpg,0
./lfw/Holly_Hunter/Holly_Hunter_0003.jpg,0
./lfw/Holly_Hunter/Holly_Hunter_0002.jpg,0
./lfw/Holly_Hunter/Holly_Hunter_0001.jpg,0
./lfw/Holly_Hunter/Holly_Hunter_0005.jpg,0
./lfw/Holly_Hunter/Holly_Hunter_0006.jpg,0
./lfw/Holly_Hunter/Holly_Hunter_0007.jpg,0
./lfw/Sophia_Loren/Sophia_Loren_0007.jpg,0
./lfw/Sophia_Loren/Sophia_Loren_0005.jpg,1
./lfw/Sophia_Loren/Sophia_Loren_0001.jpg,0
./lfw/Sophia_Loren/Sophia_Loren_0002.jpg,0
./lfw/Nicolas_Massu/Nicolas_Massu_0001.jpg,0
./lfw/Kaisser_Bazan/Kaisser_Bazan_0001.jpg,0
./lfw/Bryan_Murray/Bryan_Murray_0001.jpg,0
./lfw/Francois_Ozon/Francois_Ozon_0001.jpg,0
./lfw/Mathias_Reichhold/Mathias_Reichhold_0001.jpg,0
./lfw/Mathias_Reichhold/Mathias_Reichhold_0002.jpg,0
./lfw/Mathias_Reichhold/Mathias_Reichhold_0003.jpg,0
./lfw/Whoopi_Goldberg/Whoopi_Goldberg_0001.jpg,1
./lfw/Bill_Cartwright/Bill_Cartwright_0001.jpg,1
./lfw/Victor_Garber/Victor_Garber_0001.jpg,0
./lfw/Jeane_Kirkpatrick/Jeane_Kirkpatrick_0001.jpg,0
./lfw/Sue_Grafton/Sue_Grafton_0001.jpg,0
./lfw/Giovanny_Cordoba/Giovanny_Cordoba_0001.jpg,0
./lfw/James_Sensenbrenner/James_Sensenbrenner_0001.jpg,1
./lfw/Jennie_Finch/Jennie_Finch_0001.jpg,0
./lfw/David_Westerfield/David_Westerfield_0001.jpg,0
./lfw/Costas_Simitis/Costas_Simitis_0005.jpg,0
./lfw/Costas_Simitis/Costas_Simitis_0006.jpg,0
./lfw/Costas_Simitis/Costas_Simitis_0002.jpg,0
./lfw/Costas_Simitis/Costas_Simitis_0003.jpg,1
./lfw/Costas_Simitis/Costas_Simitis_0001.jpg,0
./lfw/Carlos_Iturgaitz/Carlos_Iturgaitz_0001.jpg,0
./lfw/Mark_Shapiro/Mark_Shapiro_0001.jpg,0
./lfw/George_Lopez/George_Lopez_0002.jpg,0
./lfw/George_Lopez/George_Lopez_0003.jpg,0
./lfw/George_Lopez/George_Lopez_0001.jpg,0
./lfw/George_Lopez/George_Lopez_0004.jpg,0
./lfw/George_Lopez/George_Lopez_0005.jpg,0
./lfw/Taylor_Twellman/Taylor_Twellman_0001.jpg,0
./lfw/Peter_Hartz/Peter_Hartz_0001.jpg,1
./lfw/Gianna_Angelopoulos-Daskalaki/Gianna_Angelopoulos-Daskalaki_0003.jpg,0
./lfw/Gianna_Angelopoulos-Daskalaki/Gianna_Angelopoulos-Daskalaki_0002.jpg,0
./lfw/Gianna_Angelopoulos-Daskalaki/Gianna_Angelopoulos-Daskalaki_0001.jpg,0
./lfw/Beth_Jones/Beth_Jones_0002.jpg,0
./lfw/Beth_Jones/Beth_Jones_0001.jpg,0
./lfw/Brock_Berlin/Brock_Berlin_0001.jpg,0
./lfw/James_McPherson/James_McPherson_0001.jpg,0
./lfw/Geoff_Hoon/Geoff_Hoon_0003.jpg,0
./lfw/Geoff_Hoon/Geoff_Hoon_0002.jpg,0
./lfw/Geoff_Hoon/Geoff_Hoon_0001.jpg,0
./lfw/Geoff_Hoon/Geoff_Hoon_0005.jpg,0
./lfw/Geoff_Hoon/Geoff_Hoon_0004.jpg,0
./lfw/Geoff_Hoon/Geoff_Hoon_0006.jpg,0
./lfw/Geoff_Hoon/Geoff_Hoon_0007.jpg,0
./lfw/Elizabeth_Hurley/Elizabeth_Hurley_0001.jpg,1
./lfw/Elizabeth_Hurley/Elizabeth_Hurley_0002.jpg,0
./lfw/Elizabeth_Hurley/Elizabeth_Hurley_0004.jpg,0
./lfw/Elizabeth_Hurley/Elizabeth_Hurley_0005.jpg,0
./lfw/Hipolito_Mejia/Hipolito_Mejia_0004.jpg,1
./lfw/Hipolito_Mejia/Hipolito_Mejia_0003.jpg,1
./lfw/Hipolito_Mejia/Hipolito_Mejia_0002.jpg,1
./lfw/Hipolito_Mejia/Hipolito_Mejia_0001.jpg,1
./lfw/Bart_Hendricks/Bart_Hendricks_0001.jpg,0
./lfw/David_Brown/David_Brown_0001.jpg,0
./lfw/Craig_Burley/Craig_Burley_0001.jpg,0
./lfw/Hermogenes_Ebdane_Jr/Hermogenes_Ebdane_Jr_0001.jpg,1
./lfw/Joey_Harrington/Joey_Harrington_0001.jpg,0
./lfw/Wolfgang_Schwarz/Wolfgang_Schwarz_0001.jpg,1
./lfw/Saoud_Al_Faisal/Saoud_Al_Faisal_0001.jpg,0
./lfw/Sebastian_Saja/Sebastian_Saja_0002.jpg,0
./lfw/Sebastian_Saja/Sebastian_Saja_0003.jpg,0
./lfw/Rick_Wagoner/Rick_Wagoner_0001.jpg,0
./lfw/Don_Henley/Don_Henley_0001.jpg,1
./lfw/John_Baldacci/John_Baldacci_0001.jpg,0
./lfw/Dustin_Brown/Dustin_Brown_0001.jpg,0
./lfw/Chris_Byrd/Chris_Byrd_0002.jpg,0
./lfw/Niall_Connolly/Niall_Connolly_0001.jpg,0
./lfw/Richard_Palmer/Richard_Palmer_0001.jpg,0
./lfw/Fazal-ur-Rehman/Fazal-ur-Rehman_0001.jpg,0
./lfw/Boris_Jordan/Boris_Jordan_0001.jpg,0
./lfw/Charlotte_Rampling/Charlotte_Rampling_0001.jpg,0
./lfw/Charlotte_Rampling/Charlotte_Rampling_0002.jpg,0
./lfw/Hutomo_Mandala_Putra/Hutomo_Mandala_Putra_0001.jpg,0
./lfw/Lars_Burgsmuller/Lars_Burgsmuller_0001.jpg,0
./lfw/Win_Aung/Win_Aung_0002.jpg,1
./lfw/Win_Aung/Win_Aung_0003.jpg,1
./lfw/Win_Aung/Win_Aung_0001.jpg,1
./lfw/Win_Aung/Win_Aung_0004.jpg,1
./lfw/Billy_Bob_Thornton/Billy_Bob_Thornton_0001.jpg,1
./lfw/Brett_Perry/Brett_Perry_0001.jpg,0
./lfw/Robert_Ehrlich/Robert_Ehrlich_0002.jpg,0
./lfw/Robert_Ehrlich/Robert_Ehrlich_0001.jpg,0
./lfw/Glenn_Rivers/Glenn_Rivers_0001.jpg,0
./lfw/David_Howard/David_Howard_0001.jpg,1
./lfw/Ian_Wilmut/Ian_Wilmut_0001.jpg,1
./lfw/Queen_Elizabeth_II/Queen_Elizabeth_II_0008.jpg,0
./lfw/Queen_Elizabeth_II/Queen_Elizabeth_II_0012.jpg,0
./lfw/Queen_Elizabeth_II/Queen_Elizabeth_II_0006.jpg,0
./lfw/Queen_Elizabeth_II/Queen_Elizabeth_II_0007.jpg,0
./lfw/Queen_Elizabeth_II/Queen_Elizabeth_II_0013.jpg,0
./lfw/Queen_Elizabeth_II/Queen_Elizabeth_II_0005.jpg,0
./lfw/Queen_Elizabeth_II/Queen_Elizabeth_II_0011.jpg,0
./lfw/Queen_Elizabeth_II/Queen_Elizabeth_II_0010.jpg,0
./lfw/Queen_Elizabeth_II/Queen_Elizabeth_II_0004.jpg,0
./lfw/Queen_Elizabeth_II/Queen_Elizabeth_II_0001.jpg,0
./lfw/Queen_Elizabeth_II/Queen_Elizabeth_II_0003.jpg,0
./lfw/Queen_Elizabeth_II/Queen_Elizabeth_II_0002.jpg,0
./lfw/Ingrid_Betancourt/Ingrid_Betancourt_0001.jpg,0
./lfw/Grady_Irvin_Jr/Grady_Irvin_Jr_0002.jpg,0
./lfw/Grady_Irvin_Jr/Grady_Irvin_Jr_0001.jpg,0
./lfw/Peter_Care/Peter_Care_0001.jpg,0
./lfw/Prince_Edward/Prince_Edward_0001.jpg,0
./lfw/Prince_Edward/Prince_Edward_0002.jpg,0
./lfw/Jennifer_Aniston/Jennifer_Aniston_0010.jpg,0
./lfw/Jennifer_Aniston/Jennifer_Aniston_0004.jpg,0
./lfw/Jennifer_Aniston/Jennifer_Aniston_0011.jpg,0
./lfw/Jennifer_Aniston/Jennifer_Aniston_0007.jpg,0
./lfw/Jennifer_Aniston/Jennifer_Aniston_0013.jpg,0
./lfw/Jennifer_Aniston/Jennifer_Aniston_0012.jpg,0
./lfw/Jennifer_Aniston/Jennifer_Aniston_0006.jpg,0
./lfw/Jennifer_Aniston/Jennifer_Aniston_0002.jpg,0
./lfw/Jennifer_Aniston/Jennifer_Aniston_0016.jpg,0
./lfw/Jennifer_Aniston/Jennifer_Aniston_0017.jpg,0
./lfw/Jennifer_Aniston/Jennifer_Aniston_0003.jpg,0
./lfw/Jennifer_Aniston/Jennifer_Aniston_0015.jpg,0
./lfw/Jennifer_Aniston/Jennifer_Aniston_0001.jpg,0
./lfw/Jennifer_Aniston/Jennifer_Aniston_0014.jpg,0
./lfw/Jennifer_Aniston/Jennifer_Aniston_0019.jpg,0
./lfw/Jennifer_Aniston/Jennifer_Aniston_0018.jpg,0
./lfw/Jennifer_Aniston/Jennifer_Aniston_0008.jpg,0
./lfw/Jennifer_Aniston/Jennifer_Aniston_0020.jpg,0
./lfw/Jennifer_Aniston/Jennifer_Aniston_0021.jpg,0
./lfw/Jennifer_Aniston/Jennifer_Aniston_0009.jpg,0
./lfw/Steve_Stirling/Steve_Stirling_0001.jpg,1
./lfw/Alberto_Acosta/Alberto_Acosta_0001.jpg,0
./lfw/Jim_Zorn/Jim_Zorn_0001.jpg,0
./lfw/Billy_Tibbets/Billy_Tibbets_0001.jpg,0
./lfw/Justin_Leonard/Justin_Leonard_0001.jpg,0
./lfw/Justin_Leonard/Justin_Leonard_0003.jpg,0
./lfw/Justin_Leonard/Justin_Leonard_0002.jpg,0
./lfw/Steve_Alford/Steve_Alford_0001.jpg,0
./lfw/Osmond_Smith/Osmond_Smith_0001.jpg,0
./lfw/Miranda_Gaddis/Miranda_Gaddis_0001.jpg,0
./lfw/Geovani_Lapentti/Geovani_Lapentti_0001.jpg,0
./lfw/Alma_Powell/Alma_Powell_0001.jpg,1
./lfw/Shobha_De/Shobha_De_0001.jpg,0
./lfw/Peter_Mullan/Peter_Mullan_0001.jpg,0
./lfw/Din_Samsudin/Din_Samsudin_0001.jpg,0
./lfw/Jason_Statham/Jason_Statham_0001.jpg,0
./lfw/Mike_Bair/Mike_Bair_0001.jpg,0
./lfw/Yana_Klochkova/Yana_Klochkova_0001.jpg,0
./lfw/Doug_Racine/Doug_Racine_0001.jpg,0
./lfw/Chan_Ho_Park/Chan_Ho_Park_0001.jpg,0
./lfw/Elena_Likhovtseva/Elena_Likhovtseva_0001.jpg,0
./lfw/Paul_Ebert/Paul_Ebert_0001.jpg,1
./lfw/Anita_DeFrantz/Anita_DeFrantz_0001.jpg,1
./lfw/Lee_Nam-shin/Lee_Nam-shin_0001.jpg,0
./lfw/Crispin_Glover/Crispin_Glover_0001.jpg,0
./lfw/Kevin_Marshall/Kevin_Marshall_0001.jpg,0
./lfw/Sven_Ottke/Sven_Ottke_0001.jpg,0
./lfw/Raf_Vallone/Raf_Vallone_0001.jpg,0
./lfw/Nick_Reilly/Nick_Reilly_0001.jpg,1
./lfw/Bob_Huggins/Bob_Huggins_0003.jpg,0
./lfw/Bob_Huggins/Bob_Huggins_0002.jpg,0
./lfw/Bob_Huggins/Bob_Huggins_0001.jpg,0
./lfw/Bob_Huggins/Bob_Huggins_0004.jpg,0
./lfw/Tayshaun_Prince/Tayshaun_Prince_0001.jpg,0
./lfw/Lyle_Vanclief/Lyle_Vanclief_0001.jpg,0
./lfw/Lyle_Vanclief/Lyle_Vanclief_0002.jpg,0
./lfw/Paula_Locke/Paula_Locke_0001.jpg,0
./lfw/James_Mathis/James_Mathis_0001.jpg,0
./lfw/Lou_Piniella/Lou_Piniella_0001.jpg,0
./lfw/Lou_Piniella/Lou_Piniella_0002.jpg,0
./lfw/Lou_Piniella/Lou_Piniella_0003.jpg,0
./lfw/Soenarno/Soenarno_0001.jpg,0
./lfw/Tara_Reid/Tara_Reid_0001.jpg,0
./lfw/Christian_Von_Wernich/Christian_Von_Wernich_0001.jpg,1
./lfw/Jacques_Rogge/Jacques_Rogge_0008.jpg,0
./lfw/Jacques_Rogge/Jacques_Rogge_0009.jpg,0
./lfw/Jacques_Rogge/Jacques_Rogge_0001.jpg,0
./lfw/Jacques_Rogge/Jacques_Rogge_0002.jpg,0
./lfw/Jacques_Rogge/Jacques_Rogge_0003.jpg,0
./lfw/Jacques_Rogge/Jacques_Rogge_0007.jpg,0
./lfw/Jacques_Rogge/Jacques_Rogge_0006.jpg,1
./lfw/Jacques_Rogge/Jacques_Rogge_0010.jpg,0
./lfw/Jacques_Rogge/Jacques_Rogge_0004.jpg,0
./lfw/Jacques_Rogge/Jacques_Rogge_0005.jpg,0
./lfw/Nawabzada_Nasrullah_Khan/Nawabzada_Nasrullah_Khan_0001.jpg,0
./lfw/Catherine_Donkers/Catherine_Donkers_0001.jpg,0
./lfw/Agnelo_Queiroz/Agnelo_Queiroz_0001.jpg,0
./lfw/Eric_Hinske/Eric_Hinske_0001.jpg,0
./lfw/Eric_Hinske/Eric_Hinske_0002.jpg,0
./lfw/Chris_Cornell/Chris_Cornell_0001.jpg,0
./lfw/Harbhajan_Singh/Harbhajan_Singh_0001.jpg,0
./lfw/Kim_Dong-hwa/Kim_Dong-hwa_0001.jpg,0
./lfw/Tim_Matheson/Tim_Matheson_0001.jpg,0
./lfw/Dick_Smothers/Dick_Smothers_0001.jpg,0
./lfw/Jia_Qinglin/Jia_Qinglin_0002.jpg,0
./lfw/Jia_Qinglin/Jia_Qinglin_0001.jpg,0
./lfw/Gerald_Calabrese/Gerald_Calabrese_0001.jpg,1
./lfw/Rowan_Williams/Rowan_Williams_0001.jpg,1
./lfw/Peter_Goldmark/Peter_Goldmark_0001.jpg,0
./lfw/Brian_Van_Dusen/Brian_Van_Dusen_0001.jpg,0
./lfw/Osama_bin_Laden/Osama_bin_Laden_0002.jpg,0
./lfw/Osama_bin_Laden/Osama_bin_Laden_0003.jpg,0
./lfw/Osama_bin_Laden/Osama_bin_Laden_0001.jpg,0
./lfw/Osama_bin_Laden/Osama_bin_Laden_0004.jpg,0
./lfw/Stanley_McChrystal/Stanley_McChrystal_0002.jpg,0
./lfw/Stanley_McChrystal/Stanley_McChrystal_0003.jpg,0
./lfw/Stanley_McChrystal/Stanley_McChrystal_0001.jpg,0
./lfw/Carlos_Ghosn/Carlos_Ghosn_0002.jpg,0
./lfw/Jean_Todt/Jean_Todt_0001.jpg,0
./lfw/Wally_Szczerbiak/Wally_Szczerbiak_0001.jpg,0
./lfw/Zara_Akhmadova/Zara_Akhmadova_0001.jpg,0
./lfw/Donald_Keck/Donald_Keck_0001.jpg,1
./lfw/Andy_Roddick/Andy_Roddick_0004.jpg,0
./lfw/Andy_Roddick/Andy_Roddick_0010.jpg,0
./lfw/Andy_Roddick/Andy_Roddick_0011.jpg,0
./lfw/Andy_Roddick/Andy_Roddick_0005.jpg,0
./lfw/Andy_Roddick/Andy_Roddick_0013.jpg,0
./lfw/Andy_Roddick/Andy_Roddick_0007.jpg,0
./lfw/Andy_Roddick/Andy_Roddick_0006.jpg,0
./lfw/Andy_Roddick/Andy_Roddick_0012.jpg,0
./lfw/Andy_Roddick/Andy_Roddick_0002.jpg,0
./lfw/Andy_Roddick/Andy_Roddick_0003.jpg,0
./lfw/Andy_Roddick/Andy_Roddick_0001.jpg,0
./lfw/Andy_Roddick/Andy_Roddick_0015.jpg,0
./lfw/Andy_Roddick/Andy_Roddick_0014.jpg,0
./lfw/Andy_Roddick/Andy_Roddick_0008.jpg,0
./lfw/Andy_Roddick/Andy_Roddick_0009.jpg,0
./lfw/John_Paul_II/John_Paul_II_0003.jpg,0
./lfw/John_Paul_II/John_Paul_II_0002.jpg,0
./lfw/John_Paul_II/John_Paul_II_0001.jpg,0
./lfw/John_Paul_II/John_Paul_II_0011.jpg,0
./lfw/John_Paul_II/John_Paul_II_0005.jpg,0
./lfw/John_Paul_II/John_Paul_II_0004.jpg,0
./lfw/John_Paul_II/John_Paul_II_0010.jpg,0
./lfw/John_Paul_II/John_Paul_II_0006.jpg,0
./lfw/John_Paul_II/John_Paul_II_0007.jpg,0
./lfw/John_Paul_II/John_Paul_II_0009.jpg,0
./lfw/Paul_Tracy/Paul_Tracy_0001.jpg,0
./lfw/Ismail_Khan/Ismail_Khan_0001.jpg,0
./lfw/Svetislav_Pesic/Svetislav_Pesic_0001.jpg,0
./lfw/Ian_Huntley/Ian_Huntley_0001.jpg,0
./lfw/Andrew_Luster/Andrew_Luster_0001.jpg,0
./lfw/Emilio_Azcarraga_Jean/Emilio_Azcarraga_Jean_0001.jpg,0
./lfw/William_McDonough/William_McDonough_0001.jpg,0
./lfw/Liane_Janda/Liane_Janda_0001.jpg,0
./lfw/Jana_Pittman/Jana_Pittman_0001.jpg,0
./lfw/Leuris_Pupo/Leuris_Pupo_0001.jpg,0
./lfw/Martin_Sheen/Martin_Sheen_0001.jpg,0
./lfw/Martin_Sheen/Martin_Sheen_0002.jpg,0
./lfw/Lisa_Girman/Lisa_Girman_0001.jpg,0
./lfw/Brian_Clemens/Brian_Clemens_0001.jpg,0
./lfw/Larry_Donald/Larry_Donald_0001.jpg,0
./lfw/Colleen_Ryan/Colleen_Ryan_0001.jpg,0